codmun,nm_municipio,coduf,nm_uf,sigla_uf,pop2009,pop2019,nnae_2009,ii_09,nnae_2019,ii_19,ii_variacao_percentual,areakm2_municipio,areakm2_urbanizada,urbanizacao_percentual
351960,Ibitinga,35,São Paulo,SP,53148,60033,1,0.1882,206,34.3145,96880.96,689.391,17.160899999999998,2.4893
353340,Nova Odessa,35,São Paulo,SP,48754,60174,15,3.0767,67,11.1344,117.62,73.788,19.6365,26.6121
430610,Cruz Alta,43,Rio Grande do Sul,RS,64438,60299,5,0.7759,4,0.6634,110.2,1358.818,26.3003,1.9355
314000,Mariana,31,Minas Gerais,MG,54689,60724,14,2.5599,40,6.5872,100.52,1194.208,11.7667,0.9853
411070,Irati,41,Paraná,PR,56483,60727,7,1.2393,3,0.494,32.16,999.517,25.1878999999999,2.52
230190,Barbalha,23,Ceará,CE,53011,60781,2,0.3773,252,41.4603,29124.52,608.158,20.6395,3.3938
260190,Bezerros,26,Pernambuco,PE,58354,60798,2,0.3427,156,25.6587,21847.74,492.632,9.8945,2.0085
231410,Viçosa do Ceará,23,Ceará,CE,56673,60889,2,0.3529,5,0.8212,659.39,1310.91,16.02589999999999,1.2225
261220,Salgueiro,26,Pernambuco,PE,55435,60930,15,2.7059,94,15.4275,210.7,1678.564,17.0792,1.0175
510180,Barra do Garças,51,Mato Grosso,MT,55120,61012,4,0.7257,42,6.8839,1307.13,9079.291,30.2738,0.3334
270860,São Miguel dos Campos,27,Alagoas,AL,54064,61251,35,6.4738,181,29.5505,70.51,335.683,7.5358,2.2449
230870,Morada Nova,23,Ceará,CE,63126,61890,1,0.1584,2,0.3232,1288.13,2763.971,11.6941999999999,0.4231
150580,Portel,15,Pará,PA,48945,62043,2,0.4086,2,0.3224,193.11,25384.96,5.3580000000000005,0.0211
431830,São Gabriel,43,Rio Grande do Sul,RS,59337,62105,2,0.3371,5,0.8051,708.49,5051.904,18.3058,0.3624
350590,Batatais,35,São Paulo,SP,56476,62508,94,16.6442,108,17.2778,6.24,849.526,17.2222,2.0273
210170,Barreirinhas,21,Maranhão,MA,50354,62528,4,0.7944,16,2.5589,405.49,3047.05,17.6393,0.5789
150150,Benevides,15,Pará,PA,46611,62737,14,3.0036,4,0.6376,7.07,187.826,21.1263,11.2478
260940,Moreno,26,Pernambuco,PE,55659,62784,1,0.1797,92,14.6534,45377.68,196.072,8.6016,4.387
290980,Cruz das Almas,29,Bahia,BA,57098,63239,11,1.9265,278,43.9602,1184.46,139.117,12.1597,8.7406
261000,Palmares,26,Pernambuco,PE,58819,63250,21,3.5703,349,55.1779,432.87,339.291,8.22079999999999,2.4229
353730,Penápolis,35,São Paulo,SP,59597,63407,1,0.1678,231,36.4313,129387.03,711.315,19.91719999999989,2.8001
150800,Tomé-Açu,15,Pará,PA,48607,63447,4,0.8229,9,1.4185,209.48,5145.361,11.69149999999999,0.2272
230260,Camocim,23,Ceará,CE,61278,63661,1,0.1632,12,1.885,7077.36,1120.452,10.162,0.907
270670,Penedo,27,Alagoas,AL,61082,63683,130,21.2829,264,41.4553,9.15,690.105,16.3004,2.362
220840,Piripiri,22,Piauí,PI,62107,63742,34,5.4744,41,6.4322,21.46,1409.25,20.0968999999999,1.4261
130290,Maués,13,Amazonas,AM,49666,63905,3,0.604,3,0.4694,128.67,39991.066,10.07649999999999,0.0252
150345,Ipixuna do Pará,15,Pará,PA,44396,64053,2,0.4505,5,0.7806,384.63,5215.555,8.5049,0.1631
314930,Pedro Leopoldo,31,Minas Gerais,MG,59064,64258,6,1.0158,25,3.8906,377.05,292.831,18.783,6.4143
291560,Itamaraju,29,Bahia,BA,67803,64486,2,0.295,22,3.4116,3920.25,2360.584,11.839,0.5015
291470,Itaberaba,29,Bahia,BA,61490,64489,26,4.2283,225,34.8897,195.15,2386.39,13.4948,0.5655
313760,Lagoa Santa,31,Minas Gerais,MG,48213,64527,81,16.8004,248,38.4335,13.62,229.409,36.9656,16.1134
261450,Surubim,26,Pernambuco,PE,56795,65089,1,0.1761,113,17.3608,55982.34,252.855,14.8495,5.8727
210360,Coroatá,21,Maranhão,MA,63081,65296,11,1.7438,31,4.7476,156.13,2263.772,12.2853,0.5427
355500,Tupã,35,São Paulo,SP,64098,65524,10,1.5601,250,38.154,1567.6,627.986,19.4397999999999,3.0956
150178,Breu Branco,15,Pará,PA,52200,66046,1,0.1916,1,0.1514,412.42,3941.908,8.70839999999999,0.2209
521310,Mineiros,52,Goiás,GO,48329,66801,3,0.6207,3,0.4491,116.57,9038.775,24.35799999999999,0.2695
290460,Brumado,29,Bahia,BA,64642,67195,63,9.746,185,27.5318,28.99,2207.612,13.1569,0.596
261090,Pesqueira,26,Pernambuco,PE,64454,67395,28,4.3442,108,16.0249,84.91,980.876,12.6291,1.2875
312610,Formiga,31,Minas Gerais,MG,67178,67683,16,2.3817,72,10.6378,187.53,1501.915,18.25369999999989,1.2154
313520,Januária,31,Minas Gerais,MG,67516,67742,282,41.7679,570,84.1428,4.82,6661.588,17.68039999999999,0.2654
210540,Itapecuru Mirim,21,Maranhão,MA,56810,68203,5,0.8801,12,1.7595,227.16,1478.562,15.2893,1.0341
420140,Araranguá,42,Santa Catarina,SC,59537,68228,8,1.3437,8,1.1725,64.94,301.819,37.2030999999999,12.3263
352680,Lençóis Paulista,35,São Paulo,SP,63314,68432,18,2.843,34,4.9684,61.47,809.541,20.4835,2.5303
353050,Mococa,35,São Paulo,SP,68718,68885,38,5.5298,214,31.0663,101.59,855.156,22.944399999999987,2.6831
150220,Capanema,15,Pará,PA,64429,69027,2,0.3104,39,5.65,5864.15,621.483,17.1411,2.7581
351550,Fernandópolis,35,São Paulo,SP,63539,69116,57,8.9709,404,58.4525,72.63,549.797,23.0517,4.1928
290390,Bom Jesus da Lapa,29,Bahia,BA,66192,69148,58,8.7624,187,27.0434,35.22,4115.51,17.417099999999998,0.4232
260990,Ouricuri,26,Pernambuco,PE,66978,69459,12,1.7916,67,9.646,300.51,2381.57,8.67739999999999,0.3644
210480,Grajaú,21,Maranhão,MA,56633,69527,10,1.7658,93,13.3761,428.99,8863.57,28.3322,0.3196
520860,Goianésia,52,Goiás,GO,56839,70084,3,0.5278,14,1.9976,717.08,1547.274,22.28539999999999,1.4403
312410,Esmeraldas,31,Minas Gerais,MG,59408,70552,4,0.6733,18,2.5513,562.79,909.751,54.7699999999998,6.0203
316470,São Sebastião do Paraíso,31,Minas Gerais,MG,64800,70956,27,4.1667,38,5.3554,30.85,814.925,19.7156999999999,2.4193
421480,Rio do Sul,42,Santa Catarina,SC,59962,71061,1,0.1668,6,0.8443,3034.62,260.817,33.1467,12.7088
290600,Campo Formoso,29,Bahia,BA,68101,71206,20,2.9368,106,14.8864,172.6,7161.827,16.26049999999989,0.227
410490,Castro,41,Paraná,PR,68071,71484,1,0.1469,14,1.9585,9075.7,2531.503,14.3299,0.5661
313510,Janaúba,31,Minas Gerais,MG,68527,71648,45,6.5668,83,11.5844,26.86,2181.319,15.4873,0.71
230350,Cascavel,23,Ceará,CE,67956,71743,1,0.1472,19,2.6483,12222.26,838.115,25.8149999999999,3.0801
290720,Casa Nova,29,Bahia,BA,66718,71969,8,1.1991,10,1.3895,96.64,9647.072,9.06949999999999,0.094
350190,Amparo,35,São Paulo,SP,65928,72195,50,7.584,80,11.0811,19.27,445.323,21.306899999999903,4.7846
351280,Cosmópolis,35,São Paulo,SP,59297,72252,2,0.3373,32,4.4289,3892.81,154.665,14.7280999999999,9.5226
150670,Santana do Araguaia,15,Pará,PA,55033,72817,1,0.1817,5,0.6867,2079.97,11591.443,11.9974,0.1035
291460,Irecê,29,Bahia,BA,66061,72967,25,3.7844,37,5.0708,35.41,319.174,20.60039999999999,6.4543
150530,Oriximiná,15,Pará,PA,58683,73096,1,0.1704,9,1.2313,4240.57,107613.838,19.7324,0.0183
270630,Palmeira dos Índios,27,Alagoas,AL,72564,73218,73,10.0601,322,43.9783,43.45,450.99,21.3853,4.7419
431720,Santa Rosa,43,Rio Grande do Sul,RS,66059,73254,1,0.1514,35,4.7779,20844.2,489.38,26.7886999999999,5.474
240260,Ceará-Mirim,24,Rio Grande do Norte,RN,67869,73497,36,5.3043,176,23.9466,85.11,724.838,28.5233,3.9351
314610,Ouro Preto,31,Minas Gerais,MG,69495,74281,9,1.2951,8,1.077,64.21,1245.865,22.6879,1.8211
260120,Arcoverde,26,Pernambuco,PE,68000,74338,30,4.4118,389,52.3286,268.85,323.37,13.3901,4.1408
230110,Aracati,23,Ceará,CE,69616,74547,6,0.8619,59,7.9145,1065.39,1227.197,19.8258999999999,1.6155
420430,Concórdia,42,Santa Catarina,SC,70393,74641,6,0.8524,19,2.5455,350.34,799.194,29.3628,3.6741
352260,Itapira,35,São Paulo,SP,72657,74773,107,14.7267,182,24.3403,11.22,518.416,23.1583,4.4671
230410,Crateús,23,Ceará,CE,75249,75074,2,0.2658,67,8.9245,12632.05,2981.459,14.920699999999991,0.5004
270770,Rio Largo,27,Alagoas,AL,67797,75120,36,5.31,228,30.3514,107.64,293.816,16.2729,5.5385
311530,Cataguases,31,Minas Gerais,MG,70507,75123,4,0.5673,165,21.964,6824.74,491.767,14.3403,2.9161
150506,Novo Repartimento,15,Pará,PA,55762,75919,7,1.2553,19,2.5027,158.82,15398.723,15.4247,0.1002
231340,Tianguá,23,Ceará,CE,68588,75946,1,0.1458,24,3.1601,14865.71,909.853,18.884399999999992,2.0755
291640,Itapetinga,29,Bahia,BA,66665,76147,44,6.6002,166,21.7999,50.04,1651.158,11.2997,0.6844
353930,Pirassununga,35,São Paulo,SP,71470,76409,4,0.5597,101,13.2183,4219.54,727.118,29.860299999999903,4.1067
260170,Belo Jardim,26,Pernambuco,PE,74028,76439,92,12.4277,231,30.2202,19.57,647.696,17.142899999999898,2.6468
330610,Valença,33,Rio de Janeiro,RJ,75819,76523,1,0.1319,31,4.0511,23285.38,1300.767,14.503399999999989,1.115
230280,Canindé,23,Ceará,CE,77552,76997,15,1.9342,45,5.8444,156.22,3032.39,10.1996,0.3364
352430,Jaboticabal,35,São Paulo,SP,73084,77263,131,17.9246,157,20.3202,6.32,706.602,24.5807,3.4787
350610,Bebedouro,35,São Paulo,SP,77630,77496,82,10.5629,281,36.2599,32.5,683.192,21.29079999999989,3.1164
352710,Lins,35,São Paulo,SP,73183,78013,45,6.149,158,20.253,53.56,570.058,22.816499999999987,4.0025
231180,Russas,23,Ceará,CE,67960,78194,25,3.6786,70,8.9521,66.15,1611.091,21.7333,1.349
220800,Picos,22,Piauí,PI,73021,78222,99,13.5577,295,37.7132,20.52,577.304,24.750299999999903,4.2872
355670,Vinhedo,35,São Paulo,SP,63729,78728,3,0.4707,17,2.1593,974.6,81.604,32.5579,39.8974
317130,Viçosa,31,Minas Gerais,MG,74171,78846,14,1.8875,91,11.5415,323.96,299.418,18.227,6.0875
293010,Senhor do Bonfim,29,Bahia,BA,76113,79015,94,12.3501,111,14.048,9.21,789.361,16.8616999999999,2.1361
316930,Três Corações,31,Minas Gerais,MG,75776,79482,1,0.132,17,2.1388,12275.02,828.038,21.56439999999999,2.6043
210320,Chapadinha,21,Maranhão,MA,70537,79675,5,0.7088,42,5.2714,1049.25,3247.384,15.9921999999999,0.4925
260620,Goiana,26,Pernambuco,PE,74424,79758,132,17.7362,454,56.9222,18.1,445.886,25.2075,5.6534
313620,João Monlevade,31,Minas Gerais,MG,75320,79910,8,1.0621,60,7.5084,665.61,99.158,21.2747,21.4554
310160,Alfenas,31,Minas Gerais,MG,75214,79996,6,0.7977,76,9.5005,1493.03,850.446,17.999200000000002,2.1164
312090,Curvelo,31,Minas Gerais,MG,75051,80129,50,6.6621,438,54.6619,123.16,3296.2,23.63119999999999,0.7169
291750,Jacobina,29,Bahia,BA,79013,80518,21,2.6578,122,15.1519,214.5,2192.905,20.3857,0.9296
240710,Macaíba,24,Rio Grande do Norte,RN,66380,80792,34,5.122,161,19.9277,75.96,510.092,32.7782999999999,6.426
293050,Serrinha,29,Bahia,BA,73859,80861,2,0.2708,97,11.9959,16358.2,583.314,21.3642,3.6626
231140,Quixeramobim,23,Ceará,CE,73517,81082,4,0.5441,5,0.6167,208.31,3324.987,11.8676,0.3569
330600,Três Rios,33,Rio de Janeiro,RJ,76075,81804,12,1.5774,88,10.7574,432.34,322.843,16.8194,5.2098
150470,Moju,15,Pará,PA,68600,82094,2,0.2915,10,1.2181,1433.53,9094.139,20.50459999999989,0.2255
430300,Cachoeira do Sul,43,Rio Grande do Sul,RS,86557,82201,1,0.1155,9,1.0949,8207.49,3736.158,24.9111,0.6668
351340,Cruzeiro,35,São Paulo,SP,79957,82238,7,0.8755,31,3.7695,491.78,305.699,15.5407,5.0837
410550,Cianorte,41,Paraná,PR,68629,82620,5,0.7286,28,3.389,638.4,811.666,22.5541,2.7787
411850,Pato Branco,41,Paraná,PR,70160,82881,6,0.8552,7,0.8446,115.48,539.087,31.5932,5.8605
352930,Matão,35,São Paulo,SP,78222,83170,1,0.1278,142,17.0735,104534.79,524.899,23.3691,4.4521
210860,Pinheiro,21,Maranhão,MA,77182,83387,6,0.7774,18,2.1586,357.18,1512.968,17.4584,1.1539
431020,Ijuí,43,Rio Grande do Sul,RS,79719,83475,1,0.1254,6,0.7188,4571.02,689.064,26.1837999999999,3.7999
260400,Carpina,26,Pernambuco,PE,68070,83641,68,9.9897,449,53.6818,53.79,147.666,14.1519,9.5837
260640,Gravatá,26,Pernambuco,PE,75229,84074,64,8.5074,132,15.7005,21.69,503.946,23.4795999999998,4.6591
317040,Unaí,31,Minas Gerais,MG,78125,84378,49,6.272,266,31.5248,80.14,8448.082,20.1763,0.2388
260110,Araripina,26,Pernambuco,PE,79877,84418,1,0.1252,6,0.7107,4533.96,2037.394,16.889,0.829
291170,Guanambi,29,Bahia,BA,79886,84481,61,7.6359,357,42.258,72.48,1272.366,23.0369999999999,1.8106
350960,Campo Limpo Paulista,35,São Paulo,SP,74863,84650,18,2.4044,29,3.4259,59.26,79.403,23.6014999999999,29.7237
130120,Coari,13,Amazonas,AM,66991,85097,5,0.7464,5,0.5876,105.47,57970.768,8.890199999999979,0.0153
110004,Cacoal,11,Rondônia,RO,78675,85359,5,0.6355,18,2.1087,522.14,3792.892,28.0403,0.7393
170950,Gurupi,17,Tocantins,TO,74357,86647,5,0.6724,37,4.2702,944.48,1844.164,35.19279999999999,1.9083
290650,Candeias,29,Bahia,BA,81699,87076,16,1.9584,29,3.3304,86.83,251.808,17.5461999999999,6.9681
291955,Luís Eduardo Magalhães,29,Bahia,BA,52054,87519,35,6.7238,109,12.4544,27.55,4036.094,35.69759999999999,0.8845
231130,Quixadá,23,Ceará,CE,80447,87728,2,0.2486,23,2.6217,4242.1,2020.586,11.26739999999999,0.5576
210160,Barra do Corda,21,Maranhão,MA,81329,88212,1,0.123,45,5.1013,33718.69,5190.847,37.2177,0.717
411840,Paranavaí,41,Paraná,PR,82716,88374,20,2.4179,145,16.4075,280.65,1202.266,34.05179999999999,2.8323
120020,Cruzeiro do Sul,12,Acre,AC,77004,88376,12,1.5584,31,3.5077,144.43,8779.407,26.9102,0.3065
352720,Lorena,35,São Paulo,SP,82770,88706,22,2.658,89,10.0331,142.01,414.16,19.828,4.7875
355070,São Sebastião,35,São Paulo,SP,73631,88980,1,0.1358,1,0.1124,609.49,402.395,30.976299999999988,7.698
316870,Timóteo,31,Minas Gerais,MG,79813,89842,30,3.7588,38,4.2296,29.94,144.381,18.12719999999999,12.5551
521760,Planaltina,52,Goiás,GO,79651,89918,14,1.7577,18,2.0018,64.79,2550.524,24.5538999999999,0.9627
280670,São Cristóvão,28,Sergipe,SE,75104,90072,1,0.1331,5,0.5551,3133.39,438.037,23.2422,5.306
316250,São João del Rei,31,Minas Gerais,MG,85503,90082,6,0.7017,24,2.6642,541.08,1452.002,24.0178999999999,1.6541
313940,Manhuaçu,31,Minas Gerais,MG,78605,90229,75,9.5414,196,21.7225,23.86,628.318,13.280099999999887,2.1136
510792,Sorriso,51,Mato Grosso,MT,60028,90313,10,1.6659,16,1.7716,63.84,9347.556,33.6405,0.3599
350450,Avaré,35,São Paulo,SP,84416,90655,6,0.7108,36,3.9711,785.99,1213.055,31.458099999999902,2.5933
314810,Patrocínio,31,Minas Gerais,MG,86467,90757,38,4.3947,113,12.4508,64.47,2874.344,22.34919999999999,0.7775
410840,Francisco Beltrão,41,Paraná,PR,76311,91093,4,0.5242,2,0.2196,79.92,735.111,30.14669999999999,4.101
520450,Caldas Novas,52,Goiás,GO,67588,91162,2,0.2959,58,6.3623,7266.48,1608.439,56.7395,3.5276
354910,São João da Boa Vista,35,São Paulo,SP,83909,91211,9,1.0726,69,7.5649,657.55,516.399,24.9131,4.8244
311340,Caratinga,31,Minas Gerais,MG,85472,92062,153,17.9006,357,38.7782,12.1,1258.479,17.09259999999999,1.3582
500660,Ponta Porã,50,Mato Grosso do Sul,MS,75941,92526,7,0.9218,76,8.2139,966.67,5359.354,32.46719999999989,0.6058
314700,Paracatu,31,Minas Gerais,MG,83560,93158,43,5.146,256,27.4802,103.77,8229.587,18.94939999999999,0.2303
353080,Mogi Mirim,35,São Paulo,SP,88373,93189,29,3.2815,117,12.5551,116.59,497.708,32.401999999999994,6.5102
313380,Itaúna,31,Minas Gerais,MG,85838,93214,3,0.3495,52,5.5786,4567.0,495.769,26.08949999999989,5.2624
350850,Caçapava,35,São Paulo,SP,85181,94263,3,0.3522,28,2.9704,2394.62,368.99,27.22459999999989,7.3781
352240,Itapeva,35,São Paulo,SP,89768,94354,2,0.2228,7,0.7419,1494.57,1826.258,20.474299999999992,1.1211
355710,Votuporanga,35,São Paulo,SP,81279,94547,124,15.2561,605,63.9893,27.49,420.703,25.6509,6.0972
410430,Campo Mourão,41,Paraná,PR,85896,94859,2,0.2328,6,0.6325,1167.06,749.637,27.0457999999999,3.6079
210140,Balsas,21,Maranhão,MA,83617,94887,23,2.7506,132,13.9113,183.87,13141.757,26.91989999999999,0.2048
280290,Itabaiana,28,Sergipe,SE,86564,95427,72,8.3175,32,3.3533,4.85,337.295,20.626800000000003,6.1154
260720,Ipojuca,26,Pernambuco,PE,75512,96204,20,2.6486,388,40.331,574.92,521.801,29.3881,5.6321
412625,Sarandi,41,Paraná,PR,84651,96688,3,0.3544,24,2.4822,1976.28,103.501,23.6519,22.8519
313240,Itajubá,31,Minas Gerais,MG,90225,96869,2,0.2217,19,1.9614,3990.57,294.835,19.5058,6.6158
130250,Manacapuru,13,Amazonas,AM,86472,97377,10,1.1564,6,0.6162,46.08,7336.579,15.501999999999988,0.2113
110030,Vilhena,11,Rondônia,RO,69866,99854,7,1.0019,21,2.1031,209.51,11699.15,39.93239999999989,0.3413
352850,Mairiporã,35,São Paulo,SP,79155,100179,24,3.032,17,1.697,18.46,320.697,48.2766,15.0536
330030,Barra do Piraí,33,Rio de Janeiro,RJ,103833,100374,5,0.4815,12,1.1955,515.65,584.61,20.2545,3.4646
521190,Jataí,52,Goiás,GO,86447,100882,14,1.6195,21,2.0816,79.37,7174.219,34.1225,0.4756
320060,Aracruz,32,Espirito Santo,ES,78658,101220,16,2.0341,61,6.0265,145.65,1420.285,29.3568,2.067
150360,Itaituba,15,Pará,PA,127848,101247,16,1.2515,53,5.2347,334.22,62042.472,33.422,0.0539
130190,Itacoatiara,13,Amazonas,AM,89440,101337,8,0.8945,56,5.5261,690.65,8891.906,19.8693,0.2235
350900,Caieiras,35,São Paulo,SP,88212,101470,3,0.3401,19,1.8725,1618.86,97.642,14.9573999999999,15.3186
292870,Santo Antônio de Jesus,29,Bahia,BA,88768,101512,12,1.3518,103,10.1466,555.26,261.74,15.751599999999993,6.018
230550,Iguatu,23,Ceará,CE,97203,102498,7,0.7201,74,7.2197,1392.3,992.208,19.4588,1.9612
314520,Nova Serrana,31,Minas Gerais,MG,67967,102693,3,0.4414,68,6.6217,3398.64,282.472,18.7957,6.654
150180,Breves,15,Pará,PA,101094,102701,19,1.8794,31,3.0185,85.46,9566.572,9.3218,0.0974
330220,Itaperuna,33,Rio de Janeiro,RJ,99454,103224,8,0.8044,24,2.325,359.32,1106.694,19.9217,1.8001
352670,Leme,35,São Paulo,SP,88995,103391,1,0.1124,39,3.7721,29857.3,402.871,25.242099999999887,6.2656
510795,Tangará da Serra,51,Mato Grosso,MT,81960,103750,8,0.9761,22,2.1205,222.56,11601.206,30.972199999999887,0.267
313820,Lavras,31,Minas Gerais,MG,92542,103773,22,2.3773,70,6.7455,119.36,564.744,24.15119999999989,4.2765
350400,Assis,35,São Paulo,SP,98715,104386,4,0.4052,33,3.1613,1925.43,460.609,27.0427,5.8711
280350,Lagarto,28,Sergipe,SE,92474,104408,32,3.4604,63,6.034,50.39,968.921,27.23359999999989,2.8107
313420,Ituiutaba,31,Minas Gerais,MG,96759,104671,408,42.1666,479,45.7624,2.57,2598.046,27.3399,1.0523
521150,Itumbiara,52,Goiás,GO,92832,104742,17,1.8313,116,11.0748,330.23,2453.841,38.9345,1.5867
310400,Araxá,31,Minas Gerais,MG,92927,106229,58,6.2415,140,13.1791,33.83,1164.062,32.10639999999989,2.7581
150795,Tailândia,15,Pará,PA,72720,106339,5,0.6876,22,2.0689,437.59,4430.477,14.7313,0.3325
410370,Cambé,41,Paraná,PR,97329,106533,5,0.5137,8,0.7509,284.55,495.375,32.16429999999999,6.4929
110002,Ariquemes,11,Rondônia,RO,85541,107863,1,0.1169,15,1.3907,10176.64,4426.571,33.2587,0.7513
261250,Santa Cruz do Capibaribe,26,Pernambuco,PE,80330,107937,23,2.8632,220,20.3823,248.63,335.309,12.4338,3.7082
314390,Muriaé,31,Minas Gerais,MG,99628,108763,20,2.0075,27,2.4825,61.6,841.693,17.6069,2.0918
520510,Catalão,52,Goiás,GO,81109,108823,9,1.1096,130,11.946,970.26,3817.927,36.1423,0.9466
311940,Coronel Fabriciano,31,Minas Gerais,MG,105037,109855,5,0.476,59,5.3707,2370.37,221.252,15.65,7.0734
500320,Corumbá,50,Mato Grosso do Sul,MS,99467,111435,93,9.3498,119,10.6789,12.22,64438.363,23.0607,0.0358
412810,Umuarama,41,Paraná,PR,99606,111557,1,0.1004,17,1.5239,15117.82,1234.537,39.42449999999999,3.1935
150550,Paragominas,15,Pará,PA,97350,113145,2,0.2054,8,0.7071,1676.02,19342.565,29.0747999999999,0.1503
261370,São Lourenço da Mata,26,Pernambuco,PE,99945,113230,2,0.2001,249,21.9906,54921.56,262.106,19.412,7.4062
291072,Eunápolis,29,Bahia,BA,99553,113380,65,6.5292,173,15.2584,35.79,1425.97,24.2477,1.7004
353470,Ourinhos,35,São Paulo,SP,104542,113542,26,2.487,337,29.6806,479.87,295.818,34.3631,11.6163
150810,Tucuruí,15,Pará,PA,96010,113659,4,0.4166,4,0.3519,202.76,2084.289,20.5741999999999,0.9871
130340,Parintins,13,Amazonas,AM,107250,114273,24,2.2378,31,2.7128,54.17,5956.047,17.7885,0.2987
150060,Altamira,15,Pará,PA,98750,114594,100,10.1266,186,16.2312,15.83,159533.328,37.736900000000006,0.0237
314790,Passos,31,Minas Gerais,MG,107619,114679,19,1.7655,257,22.4104,718.98,1338.07,24.5124,1.8319
316990,Ubá,31,Minas Gerais,MG,99708,115552,11,1.1032,39,3.3751,277.32,407.452,20.764899999999898,5.0963
260680,Igarassu,26,Pernambuco,PE,100191,117019,235,23.4552,85,7.2638,1.32,305.507,26.7834,8.7669
310350,Araguari,31,Minas Gerais,MG,111095,117267,33,2.9704,245,20.8925,236.79,2729.508,34.8175999999999,1.2756
292400,Paulo Afonso,29,Bahia,BA,106703,117782,2,0.1874,5,0.4245,1208.76,1544.388,29.0212,1.8791
354520,Salto,35,São Paulo,SP,109948,118663,9,0.8186,19,1.6012,238.95,133.057,34.933499999999995,26.2545
313170,Itabira,31,Minas Gerais,MG,110419,120060,153,13.8563,168,13.993,7.29,1253.704,25.626899999999992,2.0441
430210,Bento Gonçalves,43,Rio Grande do Sul,RS,106999,120454,1,0.0935,2,0.166,1898.82,273.576,34.1507,12.4831
352340,Itatiba,35,São Paulo,SP,99047,120858,17,1.7164,29,2.3995,81.45,322.276,52.2254999999999,16.2052
160060,Santana,16,Amapá,AP,97220,121364,15,1.5429,19,1.5655,65.76,1541.224,18.9743,1.2311
500830,Três Lagoas,50,Mato Grosso do Sul,MS,89493,121388,8,0.8939,100,8.238,1030.96,10217.071,48.95689999999999,0.4792
351050,Caraguatatuba,35,São Paulo,SP,96125,121532,1,0.104,6,0.4937,4564.53,484.947,39.4236,8.1295
520800,Formosa,52,Goiás,GO,96284,121617,140,14.5403,386,31.739,15.01,5813.637,31.48669999999989,0.5416
355400,Tatuí,35,São Paulo,SP,109017,121766,12,1.1007,32,2.628,216.91,523.749,36.7576,7.0182
351840,Guaratinguetá,35,São Paulo,SP,113357,121798,63,5.5577,142,11.6586,37.74,752.636,37.3345,4.9605
355650,Várzea Paulista,35,São Paulo,SP,107211,121838,2,0.1865,8,0.6566,1887.74,35.12,19.494699999999987,55.5088
351110,Catanduva,35,São Paulo,SP,114812,121862,68,5.9227,205,16.8223,47.96,290.596,35.5679,12.2396
350550,Barretos,35,São Paulo,SP,113618,122098,12,1.0562,165,13.5137,1211.38,1566.161,38.2615,2.443
355700,Votorantim,35,São Paulo,SP,105193,122480,6,0.5704,17,1.388,426.61,183.517,25.540599999999888,13.9173
320150,Colatina,32,Espirito Santo,ES,111365,122499,58,5.2081,173,14.1226,52.07,1398.219,21.40509999999989,1.5309
210330,Codó,21,Maranhão,MA,113937,122859,8,0.7021,64,5.2092,1056.75,4361.344,18.9258999999999,0.4339
410150,Arapongas,41,Paraná,PR,103025,123027,4,0.3883,8,0.6503,431.3,382.215,35.899100000000004,9.3924
354330,Ribeirão Pires,35,São Paulo,SP,112011,123393,1,0.0893,1,0.081,1015.74,99.075,24.621199999999902,24.8511
350650,Birigui,35,São Paulo,SP,110911,123638,11,0.9918,544,43.9994,4473.0,530.031,32.6374,6.1576
150130,Barcarena,15,Pará,PA,92567,124680,7,0.7562,12,0.9625,168.32,1310.34,37.25,2.8428
320240,Guarapari,32,Espirito Santo,ES,104534,124859,6,0.574,9,0.7208,218.77,589.825,32.6276999999999,5.5318
352500,Jandira,35,São Paulo,SP,112130,124937,3,0.2675,4,0.3202,447.48,17.449,14.4152,82.6133
355170,Sertãozinho,35,São Paulo,SP,110999,125815,1,0.0901,86,6.8354,84200.44,403.089,33.3942,8.2846
522140,Trindade,52,Goiás,GO,104979,127599,38,3.6198,138,10.8151,82.54,710.328,37.5427,5.2853
317120,Vespasiano,31,Minas Gerais,MG,101846,127601,1,0.0982,17,1.3323,13815.9,71.04,21.17689999999999,29.8098
150170,Bragança,15,Pará,PA,107060,127686,5,0.467,12,0.9398,430.92,2124.734,26.9468999999998,1.2682
150730,São Félix do Xingu,15,Pará,PA,67208,128481,11,1.6367,14,1.0897,40.68,84212.958,18.6927,0.0222
311830,Conselheiro Lafaiete,31,Minas Gerais,MG,114579,128589,4,0.3491,7,0.5444,446.7,370.246,28.689799999999988,7.7488
110012,Ji-Paraná,11,Rondônia,RO,111010,128969,1,0.0901,29,2.2486,27698.91,6896.649,43.3745999999999,0.6289
355620,Valinhos,35,São Paulo,SP,107481,129193,18,1.6747,25,1.9351,69.0,148.538,48.3038,32.5195
230640,Itapipoca,23,Ceará,CE,114441,129358,2,0.1748,18,1.3915,4554.08,1600.358,25.401799999999803,1.5873
320490,São Mateus,32,Espirito Santo,ES,101613,130611,5,0.4921,110,8.422,3477.83,2346.049,32.2182,1.3733
150442,Marituba,15,Pará,PA,101158,131521,12,1.1863,6,0.4562,32.42,103.214,21.93569999999999,21.2526
230420,Crato,23,Ceará,CE,116759,132123,11,0.9421,283,21.4194,2413.31,1138.15,32.208299999999895,2.8299
330020,Araruama,33,Rio de Janeiro,RJ,109705,132400,3,0.2735,17,1.284,1716.53,638.15,64.8404,10.1607
350330,Araras,35,São Paulo,SP,114515,134236,1,0.0873,27,2.0114,26391.86,644.831,38.8556,6.0257
293070,Simões Filho,29,Bahia,BA,116662,134377,8,0.6857,56,4.1674,886.33,201.418,31.8856,15.8306
410140,Apucarana,41,Paraná,PR,121290,134996,8,0.6596,15,1.1111,255.38,558.389,39.874,7.1409
317070,Varginha,31,Minas Gerais,MG,121785,135558,16,1.3138,71,5.2376,303.44,395.396,34.9463999999999,8.8383
310560,Barbacena,31,Minas Gerais,MG,128572,137313,1,0.0778,8,0.5826,9625.23,759.186,28.6299,3.7711
150210,Cametá,15,Pará,PA,117099,137890,10,0.854,9,0.6527,89.49,3081.367,15.18019999999999,0.4926
261640,Vitória de Santo Antão,26,Pernambuco,PE,126399,138757,316,25.0002,587,42.3042,6.77,335.942,15.5024999999999,4.6146
354730,Santana de Parnaíba,35,São Paulo,SP,114321,139447,13,1.1371,25,1.7928,138.65,179.949,35.93439999999989,19.9692
260600,Garanhuns,26,Pernambuco,PE,131313,139788,3,0.2285,576,41.2053,78918.84,458.552,23.4145,5.1062
316860,Teófilo Otoni,31,Minas Gerais,MG,130517,140592,224,17.1625,563,40.045,13.6,3242.27,24.005199999999988,0.7404
350410,Atibaia,35,São Paulo,SP,126757,142761,11,0.8678,48,3.3623,446.48,478.521,64.2781999999999,13.4327
510790,Sinop,51,Mato Grosso,MT,114051,142996,25,2.192,35,2.4476,50.94,3941.958,69.66549999999991,1.7673
350750,Botucatu,35,São Paulo,SP,130348,146497,36,2.7618,148,10.1026,132.45,1482.642,51.4859,3.4726
292530,Porto Seguro,29,Bahia,BA,122896,148686,15,1.2205,14,0.9416,63.21,2285.734,43.7610999999999,1.9145
352530,Jaú,35,São Paulo,SP,135546,150252,8,0.5902,315,20.9648,6018.56,687.103,34.9947,5.0931
315250,Pouso Alegre,31,Minas Gerais,MG,127974,150737,4,0.3126,23,1.5258,1561.42,542.797,39.6360999999998,7.3022
290070,Alagoinhas,29,Bahia,BA,137810,151596,1,0.0726,33,2.1768,41299.55,707.835,34.61009999999999,4.8896
353070,Mogi Guaçu,35,São Paulo,SP,139836,151888,8,0.5721,33,2.1727,663.83,812.753,39.96639999999999,4.9174
314800,Patos de Minas,31,Minas Gerais,MG,139841,152488,104,7.437,297,19.4769,35.21,3190.456,36.7117999999999,1.1507
220770,Parnaíba,22,Piauí,PI,146059,153078,1,0.0685,33,2.1558,45943.84,435.942,46.4331,10.6512
351640,Franco da Rocha,35,São Paulo,SP,131366,154489,20,1.5225,128,8.2854,357.44,132.775,22.1636,16.6926
290320,Barreiras,29,Bahia,BA,137832,155439,78,5.6591,549,35.3193,110.29,8051.274,31.71699999999989,0.3939
291800,Jequié,29,Bahia,BA,150541,155966,169,11.2262,530,33.9818,26.96,2969.039,31.27119999999989,1.0532
420930,Lages,42,Santa Catarina,SC,167805,157544,17,1.0131,30,1.9042,185.53,2637.66,49.2617,1.8676
150010,Abaetetuba,15,Pará,PA,139819,157698,6,0.4291,8,0.5073,275.52,1610.652,26.165499999999888,1.6245
293135,Teixeira de Freitas,29,Bahia,BA,125430,160487,51,4.066,61,3.8009,22.99,1165.622,31.769,2.7255
291360,Ilhéus,29,Bahia,BA,219266,162327,11,0.5017,22,1.3553,538.45,1588.555,35.328199999999896,2.2239
352230,Itapetininga,35,São Paulo,SP,148808,163901,3,0.2016,20,1.2202,3002.27,1789.35,38.9853,2.1787
210300,Caxias,21,Maranhão,MA,148072,164880,10,0.6753,147,8.9156,1955.05,5196.769,31.699,0.61
315180,Poços de Caldas,31,Minas Gerais,MG,151449,167397,14,0.9244,49,2.9272,342.56,546.958,40.596699999999984,7.4223
353800,Pindamonhangaba,35,São Paulo,SP,144613,168328,29,2.0054,160,9.5053,236.35,730.209,40.73929999999999,5.5791
522185,Valparaíso de Goiás,52,Goiás,GO,123444,168468,2,0.162,12,0.7123,2714.14,60.95,29.5384,48.4633
350760,Bragança Paulista,35,São Paulo,SP,145894,168668,64,4.3867,146,8.6561,44.98,512.584,59.5211,11.612
320320,Linhares,32,Espirito Santo,ES,132664,173555,15,1.1307,113,6.5109,509.27,3496.263,36.7193,1.0502
352390,Itu,35,São Paulo,SP,157384,173939,75,4.7654,180,10.3485,45.57,640.719,61.5982999999999,9.6139
351630,Francisco Morato,35,São Paulo,SP,157294,175844,9,0.5722,149,8.4734,2587.99,49.001,19.93679999999989,40.6865
170210,Araguaína,17,Tocantins,TO,119637,180470,51,4.2629,210,11.6363,64.03,4004.646,53.065,1.3251
410940,Guarapuava,41,Paraná,PR,172728,181504,8,0.4632,11,0.606,282.45,3168.087,57.9451,1.829
330580,Teresópolis,33,Rio de Janeiro,RJ,162075,182594,2,0.1234,49,2.6835,17622.65,773.338,54.0146,6.9846
280480,Nossa Senhora do Socorro,28,Sergipe,SE,155334,183628,2,0.1288,347,18.8969,113909.21,155.018,32.9231999999999,21.2383
330340,Nova Friburgo,33,Rio de Janeiro,RJ,178653,190631,5,0.2799,25,1.3114,1673.9,935.429,43.4262999999999,4.6424
354580,Santa Bárbara d'Oeste,35,São Paulo,SP,189573,193475,10,0.5275,261,13.4901,4848.09,271.03,39.614,14.6161
350280,Araçatuba,35,São Paulo,SP,182204,197016,40,2.1953,1037,52.6353,1092.17,1167.126,57.9594,4.966
150240,Castanhal,15,Pará,PA,161497,200793,27,1.6719,63,3.1376,112.25,1029.3,44.2795,4.3019
431410,Passo Fundo,43,Rio Grande do Sul,RS,187507,203275,10,0.5333,7,0.3444,121.09,783.603,59.5093999999999,7.5943
330010,Angra dos Reis,33,Rio de Janeiro,RJ,168664,203785,2,0.1186,1,0.0491,349.07,813.21,40.0573999999999,4.9258
354390,Rio Claro,35,São Paulo,SP,191886,206424,6,0.3127,71,3.4395,3517.54,498.422,48.25359999999989,9.6813
260290,Cabo de Santo Agostinho,26,Pernambuco,PE,171583,207048,66,3.8465,474,22.8932,154.73,445.343,43.4664,9.7602
150553,Parauapebas,15,Pará,PA,152777,208273,6,0.3927,6,0.2881,186.82,6885.794,60.304699999999805,0.8758
521250,Luziânia,52,Goiás,GO,210064,208299,13,0.6189,69,3.3125,864.8,3961.1,77.4961999999999,1.9564
231290,Sobral,23,Ceará,CE,182431,208935,69,3.7823,48,2.2974,16.06,2068.474,31.1727,1.507
320120,Cachoeiro de Itapemirim,32,Espirito Santo,ES,201259,208972,5,0.2484,29,1.3877,2249.02,864.583,39.6456,4.5855
520025,Águas Lindas de Goiás,52,Goiás,GO,143179,212440,3,0.2095,28,1.318,3002.94,192.392,43.8678,22.8013
291480,Itabuna,29,Bahia,BA,213656,213223,73,3.4167,60,2.814,24.11,401.028,27.1635,6.7735
291840,Juazeiro,29,Bahia,BA,243896,216707,25,1.025,149,6.8756,654.43,6721.237,39.78119999999999,0.5919
315780,Santa Luzia,31,Minas Gerais,MG,231607,219134,1,0.0432,22,1.004,53798.01,235.205,42.4957999999999,18.0676
420820,Itajaí,42,Santa Catarina,SC,172081,219536,1,0.0581,1,0.0456,1350.87,289.215,55.489799999999896,19.1863
500370,Dourados,50,Mato Grosso do Sul,MS,189762,222949,3,0.1581,35,1.5699,6280.7,4062.236,78.5507999999999,1.9337
230765,Maracanaú,23,Ceará,CE,201693,227886,7,0.3471,67,2.9401,2440.35,105.071,46.4923,44.2485
354140,Presidente Prudente,35,São Paulo,SP,207725,228743,8,0.3851,526,22.9952,15505.66,560.637,60.8258,10.8494
351907,Hortolândia,35,São Paulo,SP,205856,230851,22,1.0687,119,5.1548,451.34,62.416,37.57669999999999,60.2036
270030,Arapiraca,27,Alagoas,AL,210521,231747,837,39.7585,1594,68.7819,4.35,345.655,52.0740999999998,15.0653
510760,Rondonópolis,51,Mato Grosso,MT,181902,232491,6,0.3298,22,0.9463,870.02,4686.622,87.0089,1.8565
352440,Jacareí,35,São Paulo,SP,212824,233662,2,0.094,10,0.428,4843.82,464.272,50.334,10.8415
521880,Rio Verde,52,Goiás,GO,163021,235647,18,1.1042,330,14.004,1148.57,8386.831,50.9535,0.6075
350320,Araraquara,35,São Paulo,SP,200666,236072,49,2.4419,256,10.8441,181.86,1003.625,80.1709999999999,7.9881
352250,Itapevi,35,São Paulo,SP,205881,237700,1,0.0486,14,0.589,24936.92,82.658,28.596599999999903,34.5963
312230,Divinópolis,31,Minas Gerais,MG,216099,238230,3,0.1388,10,0.4198,2179.03,708.115,67.7114,9.5622
352900,Marília,35,São Paulo,SP,225938,238882,35,1.5491,190,7.9537,331.44,1170.515,69.0916999999999,5.9027
350160,Americana,35,São Paulo,SP,205229,239597,109,5.3111,503,20.9936,74.42,133.912,58.99109999999999,44.0521
316720,Sete Lagoas,31,Minas Gerais,MG,225358,239639,11,0.4881,125,5.2162,2189.46,536.928,66.1477,12.3197
354890,São Carlos,35,São Paulo,SP,220463,251983,5,0.2268,44,1.7461,3394.56,1136.907,79.8654999999998,7.0248
410830,Foz do Iguaçu,41,Paraná,PR,325137,258532,9,0.2768,74,2.8623,3735.79,618.057,85.2284999999999,13.7897
240325,Parnamirim,24,Rio Grande do Norte,RN,184222,261469,60,3.2569,78,2.9831,28.12,124.006,49.4703,39.8935
313130,Ipatinga,31,Minas Gerais,MG,244508,263410,66,2.6993,347,13.1734,180.8,164.884,39.7799999999999,24.1261
330630,Volta Redonda,33,Rio de Janeiro,RJ,261403,273012,13,0.4973,38,1.3919,562.82,182.105,43.5731,23.9275
350570,Barueri,35,São Paulo,SP,270173,274182,3,0.111,16,0.5836,4736.63,65.701,43.5192,66.2383
230730,Juazeiro do Norte,23,Ceará,CE,249829,274207,10,0.4003,407,14.8428,9262.85,258.788,51.4430999999999,19.8785
150420,Marabá,15,Pará,PA,203049,279349,10,0.4925,20,0.716,295.19,15128.058,62.4908999999999,0.4131
312770,Governador Valadares,31,Minas Gerais,MG,263274,279885,463,17.5862,756,27.0111,8.73,2342.325,49.9338999999999,2.1318
355240,Sumaré,35,São Paulo,SP,241077,282441,5,0.2074,187,6.6209,15392.16,153.465,55.6951999999999,36.2918
240800,Mossoró,24,Rio Grande do Norte,RN,244287,297378,7,0.2865,138,4.6406,5653.6,2099.334,73.5521999999998,3.5036
172100,Palmas,17,Tocantins,TO,188645,299127,126,6.6792,354,11.8344,26.53,2227.444,104.4643999999999,4.6899
290570,Camaçari,29,Bahia,BA,234558,299132,12,0.5116,44,1.4709,561.98,785.421,102.4264,13.041
150680,Santarém,15,Pará,PA,276665,304589,160,5.7832,123,4.0382,12.07,17898.389,95.0074,0.5308
352690,Limeira,35,São Paulo,SP,281583,306114,287,10.1924,668,21.8219,21.01,580.711,79.2559999999998,13.6481
330390,Petrópolis,33,Rio de Janeiro,RJ,315119,306191,8,0.2539,47,1.535,2381.13,791.144,81.7757999999999,10.3364
355410,Taubaté,35,São Paulo,SP,273426,314924,80,2.9258,360,11.4313,133.54,625.003,71.4341999999999,11.4294
354100,Praia Grande,35,São Paulo,SP,249551,325073,3,0.1202,3,0.0923,638.84,149.253,38.1867,25.5852
261070,Paulista,26,Pernambuco,PE,319373,331774,373,11.6791,565,17.0297,12.48,96.979,48.1825,49.6834
317010,Uberaba,31,Minas Gerais,MG,296261,333783,274,9.2486,879,26.3345,30.79,4523.957,98.7215,2.1822
293330,Vitória da Conquista,29,Bahia,BA,318901,338480,196,6.1461,457,13.5015,35.74,3254.186,77.5129999999998,2.3819
261110,Petrolina,26,Pernambuco,PE,281851,349145,12,0.4258,344,9.8526,5434.25,4561.87,86.3901999999998,1.8937
411990,Ponta Grossa,41,Paraná,PR,314681,351736,91,2.8918,265,7.5341,90.09,2054.732,97.10419999999988,4.7259
351620,Franca,35,São Paulo,SP,330938,353187,168,5.0765,540,15.2894,59.33,605.679,82.3351,13.5939
420240,Blumenau,42,Santa Catarina,SC,299416,357199,1,0.0334,3,0.084,7529.85,518.619,98.2463,18.9438
260410,Caruaru,26,Pernambuco,PE,298501,361118,273,9.1457,684,18.9412,22.65,920.61,59.5067999999998,6.4638
320530,Vitória,32,Espirito Santo,ES,320156,362097,82,2.5613,17,0.4695,7.16,97.123,46.1484999999999,47.5155
352310,Itaquaquecetuba,35,São Paulo,SP,359253,370821,1,0.0278,1,0.027,3493.61,82.622,43.8388,53.0595
350600,Bauru,35,São Paulo,SP,359429,376818,66,1.8362,408,10.8275,321.14,667.684,85.7805999999999,12.8475
520110,Anápolis,52,Goiás,GO,335960,386923,27,0.8037,85,2.1968,340.1,934.146,103.3523,11.0638
260960,Olinda,26,Pernambuco,PE,397268,392482,209,5.2609,273,6.9557,25.13,41.3,39.7902,96.3443
140010,Boa Vista,14,Roraima,RR,266901,399213,26,0.9741,196,4.9097,517.43,5687.037,116.7696999999998,2.0533
351060,Carapicuíba,35,São Paulo,SP,392701,400927,3,0.0764,6,0.1497,2564.69,34.546,32.5745,94.2931
353870,Piracicaba,35,São Paulo,SP,368843,404142,371,10.0585,1271,31.4493,31.08,1378.069,110.8349999999999,8.0428
120040,Rio Branco,12,Acre,AC,305954,407319,42,1.3728,106,2.6024,138.09,8834.942,87.4199999999999,0.9895
314330,Montes Claros,31,Minas Gerais,MG,363227,409341,584,16.0781,2501,61.0982,23.64,3589.811,73.5096999999999,2.0477
250400,Campina Grande,25,Paraíba,PB,383764,409731,403,10.5012,1497,36.5362,33.13,591.658,66.64009999999999,11.2633
352590,Jundiaí,35,São Paulo,SP,349929,418962,50,1.4289,63,1.5037,73.65,431.207,107.22199999999992,24.8656
411520,Maringá,41,Paraná,PR,335511,423666,44,1.3114,204,4.8151,279.99,487.012,112.696,23.1403
310670,Betim,31,Minas Gerais,MG,441748,439340,51,1.1545,95,2.1623,162.23,343.884,92.0234999999999,26.76
353060,Mogi das Cruzes,35,São Paulo,SP,375268,445842,8,0.2132,15,0.3364,740.08,712.541,75.0322,10.5302
354980,São José do Rio Preto,35,São Paulo,SP,419632,460671,124,2.955,656,14.2401,163.08,431.944,124.791399999999,28.8906
352940,Mauá,35,São Paulo,SP,417458,472912,2,0.0479,3,0.0634,2763.24,61.909,42.5349,68.7055
420540,Florianópolis,42,Santa Catarina,SC,408161,500973,5,0.1225,12,0.2395,1596.0,674.844,108.789199999999,16.1206
160030,Macapá,16,Amapá,AP,366484,503327,43,1.1733,80,1.5894,115.46,6563.849,82.2876999999999,1.2537
330100,Campos dos Goytacazes,33,Rio de Janeiro,RJ,434008,507548,7,0.1613,21,0.4138,1590.46,4032.487,95.1658999999998,2.36
430510,Caxias do Sul,43,Rio Grande do Sul,RS,410166,510906,2,0.0488,13,0.2544,10682.61,1652.378,104.7056,6.3367
110020,Porto Velho,11,Rondônia,RO,382829,529544,6,0.1567,25,0.4721,1922.63,34090.952,143.0943,0.4197
150080,Ananindeua,15,Pará,PA,505512,530598,5,0.0989,4,0.0754,770.87,190.581,62.7468,32.924
313670,Juiz de Fora,31,Minas Gerais,MG,526706,568873,49,0.9303,154,2.7071,312.79,1435.749,96.6962999999998,6.7349
411370,Londrina,41,Paraná,PR,510707,569733,17,0.3329,128,2.2467,2027.3,1652.569,129.4435,7.8329
420910,Joinville,42,Santa Catarina,SC,497331,590466,1,0.0201,2,0.0339,8390.88,1127.946,137.5985,12.199
510340,Cuiabá,51,Mato Grosso,MT,550562,612547,153,2.779,252,4.114,53.27,3266.538,160.5942,4.9163
291080,Feira de Santana,29,Bahia,BA,591707,614872,224,3.7857,444,7.221,50.39,1304.425,143.15149999999988,10.9743
280030,Aracaju,28,Sergipe,SE,544039,657013,293,5.3856,933,14.2006,48.96,182.163,84.56929999999991,46.4251
311860,Contagem,31,Minas Gerais,MG,625393,663855,42,0.6716,59,0.8887,197.03,194.746,102.3258999999998,52.5433
355220,Sorocaba,35,São Paulo,SP,584313,679378,20,0.3423,169,2.4876,2123.08,450.382,134.9586,29.9654
317020,Uberlândia,31,Minas Gerais,MG,634345,691305,129,2.0336,269,3.8912,94.09,4115.206,172.85389999999998,4.2004
260790,Jaboatão dos Guararapes,26,Pernambuco,PE,687688,702298,299,4.3479,1155,16.446,87.0,258.724,74.5196,28.8027
354340,Ribeirão Preto,35,São Paulo,SP,563107,703293,273,4.8481,1581,22.48,95.64,650.916,149.4210999999999,22.9555
354780,Santo André,35,São Paulo,SP,673396,718773,2,0.0297,4,0.0557,6314.55,175.782,70.42519999999999,40.0639
354990,São José dos Campos,35,São Paulo,SP,615871,721944,57,0.9255,133,1.8422,215.07,1099.409,128.9418,11.7283
250750,João Pessoa,25,Paraíba,PB,702235,809015,569,8.1027,2722,33.6459,51.25,210.044,110.820099999999,52.7604
221100,Teresina,22,Piauí,PI,802537,864845,6,0.0748,211,2.4397,43604.69,1391.046,172.2604999999989,12.3835
240810,Natal,24,Rio Grande do Norte,RN,806203,884122,1996,24.758,3759,42.5168,6.94,167.401,99.3168,59.3287
500270,Campo Grande,50,Mato Grosso do Sul,MS,755107,895982,107,1.417,712,7.9466,395.77,8082.978,252.6268999999989,3.1254
270430,Maceió,27,Alagoas,AL,936314,1018948,1989,21.2429,4484,44.0062,9.75,509.32,115.084499999999,22.5957
211130,São Luís,21,Maranhão,MA,997098,1101884,3,0.0301,33,0.2995,33057.03,582.974,165.957399999999,28.4674
350950,Campinas,35,São Paulo,SP,1064669,1204073,74,0.6951,419,3.4799,720.23,794.571,245.1427999999999,30.8522
351880,Guarulhos,35,São Paulo,SP,1299283,1379182,15,0.1154,79,0.5728,4301.22,318.675,156.523599999999,49.117
150140,Belém,15,Pará,PA,1437600,1492745,32,0.2226,29,0.1943,392.12,1059.466,147.3517,13.9081
520870,Goiânia,52,Goiás,GO,1281975,1516113,156,1.2169,343,2.2624,152.78,728.841,301.5507,41.374
261160,Recife,26,Pernambuco,PE,1561659,1645727,2211,14.158,2725,16.558,8.26,218.843,142.9853,65.3369
410690,Curitiba,41,Paraná,PR,1851215,1933105,8,0.0432,11,0.0569,3048.91,434.892,336.506599999999,77.377
130260,Manaus,13,Amazonas,AM,1738641,2182763,91,0.5234,12,0.055,20.08,11401.092,277.0853999999989,2.4303
310620,Belo Horizonte,31,Minas Gerais,MG,2452617,2512070,862,3.5146,1072,4.2674,34.55,331.354,274.04200000000003,82.7037
230440,Fortaleza,23,Ceará,CE,2505552,2669342,431,1.7202,4056,15.1948,513.5,312.353,253.6912,81.2194
292740,Salvador,29,Bahia,BA,2998056,2872347,87,0.2902,57,0.1984,235.58,693.453,196.2572,28.3014
530010,Brasília,53,Distrito Federal,DF,2606885,3015268,235,0.9015,1772,5.8768,723.12,5760.783,590.2165999999991,10.2454
330455,Rio de Janeiro,33,Rio de Janeiro,RJ,6186710,6718903,7,0.0113,12,0.0179,14018.33,1200.329,640.3365,53.3467
355030,São Paulo,35,São Paulo,SP,11037593,12252023,87,0.0788,325,0.2653,4272.53,1521.11,914.5643999999992,60.1248
