cod_mun;nm_municipio;sigla_uf;nnae_2009;pop2009;ii_2009;nnae_2019;pop2019;ii_2019;ii_variacao;areakm2_urbanizada;areakm2_territorial;percentual_urbanizacao
150010;Abaetetuba;PA;6;139819;0.429126227479813;8;157698;0.507298760922776;18.2166757557695;26.17;1610.654;1.62480582421799
520025;Águas Lindas de Goiás;GO;3;143179;0.209527933565677;27;212440;1.27094709094333;506.576445113915;43.87;191.817;22.8707570236215
290070;Alagoinhas;BA;1;137810;0.072563674624483;33;151596;2.17683843900894;2899.90105279823;34.61;707.835;4.88955759463717
310160;Alfenas;MG;6;75214;0.797723828010743;74;79996;9.25046252312616;1059.60714702402;18;850.446;2.11653649967194
150060;Altamira;PA;100;98750;10.126582278481;190;114594;16.5802747089725;63.7302127511039;37.74;159533.306;0.023656502172656
350160;Americana;SP;108;205229;5.2624141812317;505;239597;21.0770585608334;300.520708461229;58.99;133.912;44.0513172829918
250073;Amparo;SP;50;65928;7.58403106419124;81;72195;11.2196135466445;47.9373363806358;21.31;445.323;4.78529067665492
150080;Ananindeua;PA;4;505512;0.0791276962762506;5;530598;0.0942332990324125;19.0901586511822;62.75;190.581;32.925632670623
520110;Anápolis;GO;27;335960;0.803667103226575;84;386923;2.17097458667487;170.133563755292;103.35;935.672;11.0455373250455
330010;Angra dos Reis;RJ;2;168664;0.11857894986482;1;203785;0.0490713251711362;-58.6171700566774;40.06;813.42;4.92488505323203
410140;Apucarana;PR;8;121290;0.659576222277187;14;134996;1.03706776497081;57.2324365166375;39.87;556.99;7.15811773999533
280030;Aracaju;SE;292;544039;5.36726227347672;953;657013;14.5050402351247;170.250259742364;84.57;182.163;46.4254541262496
230110;Aracati;CE;6;69616;0.861870834290968;60;74547;8.04861362630287;833.853810347834;19.83;1227.19;1.61588670051092
350280;Araçatuba;SP;40;182204;2.19534148536805;1050;197016;53.2951638445608;2327.64800828359;57.96;1167.126;4.96604479721984
320060;Aracruz;ES;16;78658;2.03412240331562;60;101220;5.92768227622999;191.412270302312;29.36;1420.28;2.06719801729236
170210;Araguaína;TO;51;119637;4.26289525815592;205;180470;11.3592286806671;166.467459150779;53.07;4004.646;1.32521076769332
310350;Araguari;MG;33;111095;2.97043071245331;242;117267;20.6366667519421;594.736512971822;34.82;2729.777;1.27556206972218
270030;Arapiraca;AL;831;210521;39.4734967057918;1584;231747;68.3503993579205;73.1551675478795;52.07;345.655;15.0641535635243
410150;Arapongas;PR;4;103025;0.388255277845183;8;123027;0.650263763238964;67.4835605192356;35.09;382.215;9.1806967282812
420140;Araranguá;SC;8;59537;1.34370223558459;8;68228;1.17253913349358;-12.7381720114909;37.2;301.819;12.3252677929488
350320;Araraquara;SP;48;200666;2.39203452503164;237;236072;10.0393100410044;319.697539310041;80.17;1003.625;7.98804334288205
350330;Araras;SP;1;114515;0.0873248046107497;27;134236;2.01138293751304;2203.33517089305;38.86;644.831;6.02638520790719
260110;Araripina;PE;1;79877;0.125192483443294;6;84418;0.710748892416309;467.724892795375;16.89;2037.394;0.829000183567832
330020;Araruama;RJ;3;109705;0.273460644455585;13;132400;0.981873111782477;259.054632426989;64.84;638.276;10.1586147685327
310400;Araxá;MG;58;92927;6.24145834902666;142;106229;13.3673478993495;114.170265214285;32.11;1164.062;2.7584441378552
260120;Arcoverde;PE;30;68000;4.41176470588235;394;74338;53.0011568780435;1101.35955590232;13.39;343.923;3.89331332885559
110002;Ariquemes;RO;1;85541;0.116903005576273;15;107863;1.39065295791884;1089.57844673336;33.26;4426.571;0.751371659914638
350400;Assis;SP;4;98715;0.405206908777795;33;104386;3.16134347517866;680.180052880655;27.04;460.609;5.8704888528014
350410;Atibaia;SP;11;126757;0.867802172661076;48;142761;3.36226280286633;287.445769184479;64.28;478.521;13.4330572743934
350450;Avaré;SP;5;84416;0.592304776345716;35;90655;3.86079091059511;551.825051017594;31.46;1213.055;2.59345206936207
210140;Balsas;MA;23;83617;2.75063683222311;144;94887;15.1759461253913;451.724820507322;26.92;13141.162;0.2048525084768
310560;Barbacena;MG;1;128572;0.0777774321003018;8;137313;0.582610532141895;649.074013385477;28.63;759.186;3.77114435724579
150130;Barcarena;PA;7;92567;0.75620901617207;12;124680;0.962463907603465;27.2748521930427;37.25;1310.338;2.84277797026416
210160;Barra do Corda;MA;1;81329;0.122957370679585;43;88212;4.87462023307487;3864.47988935746;37.22;5187.673;0.717470048709701
510180;Barra do Garças;MT;4;55120;0.725689404934688;45;61012;7.3755982429686;916.357437881073;30.27;8363.149;0.361945004208343
330030;Barra do Piraí;RJ;5;103833;0.481542476861884;12;100374;1.19552872257756;148.270667702792;20.25;584.61;3.46384769333402
290320;Barreiras;BA;78;137832;5.6590632073829;556;155439;35.7696588372288;532.077386776015;31.72;8051.274;0.39397491626791
210170;Barreirinhas;MA;4;50354;0.794375819200064;16;62528;2.55885363357216;222.121289662231;17.64;3046.308;0.579061605064229
350550;Barretos;SP;12;113618;1.05617067718143;169;122098;13.841340562499;1210.52119335834;38.26;1566.161;2.4429161497445
350570;Barueri;SP;3;270173;0.111039963282785;16;274182;0.583553989685683;425.535106851167;43.52;65.701;66.239478851159
350590;Batatais;SP;94;56476;16.6442382605;108;62508;17.2777884430793;3.8064234161006;17.22;849.526;2.02701271061745
350600;Bauru;SP;66;359429;1.8362458232363;407;399213;10.195058778146;455.212088116703;85.78;667.684;12.8473948754201
350610;Bebedouro;SP;82;77630;10.562926703594;283;77496;36.518013832972;245.718709006539;21.29;683.192;3.11625428869191
150140;Belém;PA;32;1437600;0.222593210907067;31;1492745;0.207671102566078;-6.7037571721895;147.35;1059.466;13.907949853983
310620;Belo Horizonte;MG;862;2452617;3.51461316626281;1069;2512070;4.25545466487797;21.0788915755105;274.04;331.354;82.7030909540854
260170;Belo Jardim;PE;92;74028;12.4277300480899;229;76439;29.9585290231426;141.061955057087;17.14;647.445;2.64732911675895
150150;Benevides;PA;14;46611;3.00358284525112;4;62737;0.63758228796404;-78.7726085540772;21.13;187.826;11.2497737267471
430210;Bento Gonçalves;RS;1;106999;0.093458817372125;2;120454;0.166038487721454;77.6595214770784;34.15;272.287;12.5419134956865
310670;Betim;MG;51;441748;1.1545043780617;97;439340;2.20785724040606;91.2385333793917;92.02;343.884;26.7590233916088
260190;Bezerros;PE;2;58354;0.342735716489015;157;60798;25.8232178690089;7434.44027764071;9.89;492.632;2.00758375420192
350650;Birigui;SP;11;110911;0.991786206958733;552;123638;44.6464679143953;4401.62218441226;32.64;530.031;6.15813037350646
420240;Blumenau;SC;1;299416;0.033398348785636;3;357199;0.0839867972754683;151.469908930316;98.25;518.619;18.9445431038971
140010;Boa Vista;RR;26;266901;0.974143970985497;197;399213;4.93470904003627;406.568760574893;116.77;5687.037;2.05326605049343
290390;Bom Jesus da Lapa;BA;58;66192;8.76238820401257;187;69148;27.0434430496905;208.630962473296;17.42;4115.51;0.423276823528554
350750;Botucatu;SP;141;130348;10.8171970417651;177;146497;12.0821586790173;11.6939871980531;51.49;1482.642;3.47285453939656
150170;Bragança;PA;5;107060;0.467027834858958;12;127686;0.939805460269724;101.231145152953;26.95;2124.734;1.2683940672103
350760;Bragança Paulista;SP;64;145894;4.38674654200995;143;168668;8.47819384826997;93.2683770780468;59.52;512.584;11.6117553415635
530010;Brasília;DF;231;2606885;0.886115037679069;1775;3015268;5.88670725122941;564.327655091826;590.22;5760.784;10.2454804762685
150178;Breu Branco;PA;1;52200;0.191570881226054;1;66046;0.151409623595676;-20.9641764830573;8.71;9941.9;0.0876090083384464
150180;Breves;PA;19;101094;1.87943893801808;31;102701;3.01847109570501;60.6049036574748;9.32;9566.572;0.0974225668295812
290460;Brumado;BA;63;64642;9.74598558212926;180;67195;26.7877074187067;174.858886184134;13.16;2207.612;0.59611924559207
260290;Cabo de Santo Agostinho;PE;66;171583;3.84653491313242;483;207048;23.3279239596615;506.465935874334;43.47;445.386;9.76007328474626
350850;Caçapava;SP;3;85181;0.352191216351064;26;94263;2.75824024272514;683.165540385234;27.22;368.99;7.37689368275563
430300;Cachoeira do Sul;RS;1;86557;0.115530806289497;9;82201;1.09487719127505;847.692850451941;24.91;3736.064;0.666744466904207
320120;Cachoeiro de Itapemirim;ES;5;201259;0.248436094783339;29;208972;1.38774572670023;458.592634419922;39.65;864.58;4.58604177751047
110004;Cacoal;RO;5;78675;0.635525897680331;18;85359;2.10874073032721;231.810353916986;28.04;3793;0.739256525177959
350900;Caieiras;SP;3;88212;0.340089783702898;17;101470;1.67537203114221;392.626392037055;14.96;97.642;15.3212756805473
520450;Caldas Novas;GO;2;67588;0.295910516659762;59;91162;6.47199491015993;2087.14595993945;56.74;1608.52;3.52746624225997
290570;Camaçari;BA;12;234558;0.511600542296575;44;299132;1.47092253587045;187.513873473918;102.43;785.421;13.0414134585146
410370;Cambé;PR;5;97329;0.513721501299715;7;106533;0.657073395098232;27.9045929430317;32.16;495.375;6.49205147615443
150210;Cametá;PA;10;117099;0.853978257713559;9;137890;0.652694176517514;-23.5701646239756;15.18;3081.367;0.492638494538301
230260;Camocim;CE;1;61278;0.163190704657463;11;63661;1.72790248346712;958.824083818979;10.16;1120.452;0.906776907890744
250400;Campina Grande;PB;403;383764;10.5012455571653;1531;409731;37.3659791424129;255.824258551091;66.64;591.658;11.263263574565
350950;Campinas;SP;73;1064669;0.685659110953733;426;1204073;3.53799146729476;415.998607875786;245.14;794.571;30.8518684925576
290600;Campo Formoso;BA;20;68101;2.93681443737977;93;71206;13.0606971322641;344.72326770216;16.26;7161.827;0.227037039571048
240130;Campo Grande;MS;106;755107;1.40377456439948;719;895982;8.02471478221661;471.65267028823;252.63;8082.978;3.12545697885111
350960;Campo Limpo Paulista;SP;18;74863;2.40439202276158;29;84650;3.42587123449498;42.4838879044432;23.6;79.403;29.7217989244739
410430;Campo Mourão;PR;2;85896;0.232839713141473;6;94859;0.632517736851538;171.653717622998;27.05;749.637;3.60841313862576
330100;Campos dos Goytacazes;RJ;4;434008;0.0921641997382537;21;507548;0.413753970067856;348.931332603025;95.17;4032.487;2.36008200398414
290650;Candeias;BA;16;81699;1.95840830365121;29;87076;3.33042399742753;70.0576938536451;3.02;720.512;0.419146384793036
230280;Canindé;CE;15;77552;1.93418609449144;45;76997;5.84438354741094;202.162421912542;10.2;3023.39;0.337369641362841
351050;Caraguatatuba;SP;1;96125;0.104031209362809;6;121532;0.493697133265313;374.566369351282;39.42;484.947;8.12872334502533
351060;Carapicuíba;SP;3;392701;0.0763939995059855;6;400927;0.149653178758228;95.8965098384494;32.57;34.546;94.2800903143635
311340;Caratinga;MG;153;85472;17.9005990265818;357;92062;38.7782146814104;116.630821258138;17.09;1258.479;1.35798849245796
260400;Carpina;PE;68;68070;9.98971646834141;451;83641;53.9209239487811;439.764307822578;14.15;147.017;9.62473727528109
260410;Caruaru;PE;273;298501;9.14569800436179;696;361118;19.2734784751799;110.73819041464;59.51;923.15;6.44640632616585
290720;Casa Nova;BA;8;66718;1.19907671093258;10;71969;1.38948714029652;15.8797537828787;9.07;9647.072;0.0940181642678732
230350;Cascavel;CE;1;67956;0.147154040849962;20;71743;2.78772841949737;1794.42872475363;25.81;838.115;3.0795296588177
150240;Castanhal;PA;27;161497;1.67185768156684;59;200793;2.93834944445274;75.7535630484388;44.28;1029.3;4.30195278344506
410490;Castro;PR;10;68071;1.46905436970222;20;71484;2.79782888478541;90.4510100162274;14.33;2531.503;0.566066878056238
311530;Cataguases;MG;4;70507;0.567319556923426;168;75123;22.3633241483966;3841.9272393275;14.34;491.767;2.91601510471422
520510;Catalão;GO;9;81109;1.10961792156234;129;108823;11.8541117227057;968.305719685483;36.14;3826.37;0.944498310409082
351110;Catanduva;SP;68;114812;5.92272584747239;205;121862;16.8223071999475;184.029813858878;35.57;290.596;12.2403611887294
210300;Caxias;MA;10;148072;0.67534712842401;149;164880;9.03687530325085;1238.10819990296;31.7;5201.927;0.609389558907689
430510;Caxias do Sul;RS;2;410166;0.0487607456493225;12;510906;0.234876865803103;381.692522694977;104.71;1652.308;6.33719621281262
240260;Ceará-Mirim;RN;36;67869;5.3043362949211;174;73497;23.6744356912527;346.322298869342;28.52;724.838;3.93467229918961
210320;Chapadinha;MA;5;70537;0.70884783872294;42;79675;5.27141512394101;643.659617194854;15.99;3247.385;0.492396189549437
410550;Cianorte;PR;5;68629;0.728554984044646;28;82620;3.38900992495764;365.168724279835;22.55;811.66;2.77825690560087
130120;Coari;AM;5;66991;0.746368915227419;5;85097;0.587564779016887;-21.2768957777595;8.89;57970.768;0.0153353152057603
210330;Codó;MA;8;113937;0.702142412034721;66;122859;5.372011818426;665.088638195004;18.93;4361.606;0.434014443303682
320150;Colatina;ES;57;111365;5.11830467382032;162;122499;13.2245977518184;158.378478707238;21.41;1398.21;1.53124351849865
420430;Concórdia;SC;1;70393;0.142059579787763;24;74641;3.21539100494366;2163.41019010999;29.36;799.19;3.67371964113665
311830;Conselheiro Lafaiete;MG;4;114579;0.349104111573674;7;128589;0.54437004720466;55.9334390966568;28.69;370.246;7.74890208131891
311860;Contagem;MG;42;625393;0.671577711934735;60;663855;0.903811826377748;34.5803784604426;102.33;194.746;52.5453667854539
210360;Coroatá;MA;11;63081;1.74378973066375;31;65296;4.74761087968635;172.25821991045;12.29;2263.69;0.542918862565104
311940;Coronel Fabriciano;MG;5;105037;0.476022734845816;61;109855;5.55277411132857;1066.49346866324;15.65;221.252;7.07338238750384
500320;Corumbá;MS;90;99467;9.04822705017745;119;111435;10.6788710907704;18.0216967539622;23.06;64432.45;0.03578941977218
351280;Cosmópolis;SP;2;59297;0.337285191493667;32;72252;4.4289431434424;1213.11520788352;14.73;154.66;9.52411741885426
230410;Crateús;CE;2;75249;0.265784262913793;68;75074;9.0577297066894;3307.92551349335;14.92;2981.459;0.500426133647989
230420;Crato;CE;11;116759;0.942111528875718;284;132123;21.4951219696798;2181.58995096167;32.21;1138.15;2.8300311909678
430610;Cruz Alta;RS;5;64438;0.77593966293181;4;60299;0.663360918091511;-14.5086983200385;26.3;1360.548;1.93304462613594
290980;Cruz das Almas;BA;11;57098;1.92651231216505;280;63239;44.2764749600721;2198.27106115472;12.16;139.117;8.7408440377524
351340;Cruzeiro;SP;7;79957;0.875470565428918;31;82238;3.7695469247793;330.573804949398;15.54;305.699;5.08343174168054
120020;Cruzeiro do Sul;AC;12;77004;1.55836060464391;30;88376;3.39458676563773;117.830632750973;26.91;8783.47;0.306370944512818
510340;Cuiabá;MT;153;550562;2.77897857098746;253;612547;4.13029530795188;48.626382048144;160.59;5077.181;3.16297567488731
410690;Curitiba;PR;8;1851215;0.0432148615909011;11;1933105;0.0569032721968026;31.6752387997548;336.51;434.892;77.3778317375348
312090;Curvelo;MG;50;75051;6.66213641390521;429;80129;53.5386688964045;703.626127868812;23.63;3296.2;0.716886111279655
312230;Divinópolis;MG;3;216099;0.138825260644427;10;238230;0.419762414473408;202.36746001763;67.71;708.115;9.56200617131398
500370;Dourados;MS;3;189762;0.158092768836753;35;222949;1.56986575405138;893.002884067657;78.55;4062.236;1.93366411995758
312410;Esmeraldas;MG;4;59408;0.67330999192028;18;70552;2.55130967229845;278.920512529765;54.77;909.72;6.02053379061689
291072;Eunápolis;BA;65;99553;6.52918545900174;175;113380;15.4348209560769;136.397343175435;24.25;1425.97;1.70059678674867
291080;Feira de Santana;BA;222;591707;3.75185691566941;452;614872;7.35112348586372;95.9329380382868;143.15;1304.425;10.974184027445
351550;Fernandópolis;SP;57;63539;8.97086828561986;409;69116;59.1758782336941;559.644934577314;23.05;549.797;4.19245648848575
420540;Florianópolis;SC;5;408161;0.122500679878773;12;500973;0.239533867094634;95.5367654544257;108.79;674.844;16.1207627244222
312610;Formiga;MG;16;67178;2.3817321146804;74;67683;10.9333215135263;359.049170397293;18.25;1501.915;1.21511536937843
520800;Formosa;GO;140;96284;14.5403182252503;390;121617;32.067885246306;120.544590218238;31.49;5804.292;0.54252956260643
230440;Fortaleza;CE;431;2505552;1.72017982464543;4077;2669342;15.273426934428;787.897109104641;253.69;312.353;81.2190054201496
410830;Foz do Iguaçu;PR;9;325137;0.276806392382288;77;258532;2.97835471044203;975.970350543324;85.23;609.192;13.9906630421936
351620;Franca;SP;168;330938;5.07647958227825;557;353187;15.7706823863845;210.661790927698;82.34;605.679;13.5946598775919
410840;Francisco Beltrão;PR;4;76311;0.524170827272608;2;91093;0.219555838538636;-58.1136860131953;30.15;735.111;4.10142141798994
351630;Francisco Morato;SP;9;157294;0.57217694254072;144;175844;8.18907668160415;1331.21403061805;19.94;49.001;40.6930470806718
351640;Franco da Rocha;SP;20;131366;1.52246395566585;125;154489;8.09119095857957;431.453695732382;22.16;132.775;16.6898889098098
260600;Garanhuns;PE;3;131313;0.228461766923305;580;139788;41.4914012647724;18061.2012476035;23.41;458.552;5.10520071878435
260620;Goiana;GO;131;74424;17.6018488659572;457;79758;57.2983274405075;225.524482552086;25.21;445.405;5.66001728763709
520860;Goianésia;GO;3;56839;0.527806611657489;14;74084;1.88974677393229;258.037722945125;22.29;1547.319;1.44055621368315
520870;Goiânia;GO;155;1281975;1.20907193978042;316;1516113;2.08427735927335;72.3865463002875;301.55;729.296;41.3480946008205
312770;Governador Valadares;MG;460;263274;17.4722912251115;747;279885;26.6895332011362;52.7534818259984;49.93;2342.376;2.13159629367787
210480;Grajaú;MA;10;56633;1.76575494852824;94;69527;13.5199275101759;665.674054683792;28.33;8861.74;0.319688909852918
260640;Gravatá;PE;64;75229;8.50735753499315;133;84074;15.8193971977068;85.9495987166068;23.48;507.36;4.62787764112267
291170;Guanambi;BA;60;79886;7.51070275142077;337;84481;39.8906262946698;431.117095362665;23.04;1272.366;1.81079972272129
320240;Guarapari;ES;6;104534;0.573975931275948;9;124859;0.720813077151026;25.582457011509;32.63;589.825;5.53214936633747
410940;Guarapuava;PR;8;172728;0.463155944606549;11;181504;0.606047249647391;30.8516616713681;57.95;3168.087;1.82917956482887
351840;Guaratinguetá;SP;63;113357;5.55766295861747;142;121798;11.6586479252533;109.776087756022;37.33;752.636;4.95990093484766
351880;Guarulhos;SP;15;1299283;0.115448289556625;80;1379182;0.580053974022283;402.436178353062;156.52;318.675;49.1158704008786
170950;Gurupi;TO;5;74357;0.67243164732305;37;86647;4.27019977610304;535.038489503387;35.19;1844.16;1.90818584070796
351907;Hortolândia;SP;22;205856;1.068708223224;120;230851;5.19815811930639;386.396380821789;28.6;82.658;34.6004016550122
351960;Ibitinga;SP;1;53148;0.188153834575149;207;60033;34.4810354305132;18225.9807106092;17.16;689.391;2.48915347023677
260680;Igarassu;PE;233;100191;23.2555818386881;84;117019;7.17832146916313;-69.1329096001321;26.78;306.879;8.72656649689291
230550;Iguatu;CE;7;97203;0.720142382436756;75;102498;7.31721594567699;916.079059382343;19.46;992.208;1.96128231177334
431020;Ijuí;RS;1;79719;0.125440610143128;6;83475;0.718778077268643;473.00269541779;26.18;688.982;3.79980899355861
291360;Ilhéus;BA;11;219266;0.501673766110569;22;162327;1.35528901538253;170.153455678969;35.33;1588.555;2.22403379171637
313130;Ipatinga;MG;66;244508;2.69929818247256;342;263410;12.9835617478456;380.997684218519;39.78;164.884;24.1260522549186
150345;Ipixuna do Pará;PA;2;44396;0.450491035228399;5;64053;0.78060356267466;73.278378842521;8.5;5215.55;0.162974182972074
260720;Ipojuca;PE;20;75512;2.64858565526009;396;96204;41.1625296245478;1454.13246850443;29.39;521.801;5.63241542273779
411070;Irati;PR;7;56483;1.23931094311563;3;60727;0.494014194674527;-60.1379946317124;25.19;999.517;2.52021726493897
291460;Irecê;BA;25;66061;3.78438110231453;38;72967;5.20783367823811;37.6138802472351;20.6;319.174;6.45415979998371
250690;Itabaiana;SE;2;86564;0.231042927775981;51;95427;5.34439938382219;2213.16294130592;20.63;337.295;6.11630768318534
291470;Itaberaba;BA;26;61490;4.22832980972516;229;64489;35.509931926375;739.80989005877;13.49;2386.39;0.565288992997792
313170;Itabira;MG;153;110419;13.8563109609759;166;120060;13.8264201232717;-0.215720026696898;25.63;1253.704;2.04434220517762
291480;Itabuna;BA;73;213656;3.41670723031415;53;213223;2.48566055256703;-27.2498231480464;27.16;401.028;6.77259443230897
130190;Itacoatiara;AM;8;89440;0.894454382826476;56;101337;5.52611583133505;517.819749943259;19.87;8891.906;0.22346165152893
150360;Itaituba;PA;16;127848;1.251486139791;52;101247;5.13595464556975;310.388455954251;33.42;2598.046;1.28635135790513
420820;Itajaí;SC;1;172081;0.0581121681068799;1;219536;0.0455506158443262;-21.616044748925;55.49;289.215;19.1864184084505
313240;Itajubá;MG;2;90225;0.221668052091992;20;96869;2.06464400375765;831.412526195171;19.51;294.835;6.61726050163651
291560;Itamaraju;BA;2;67803;0.294972198870256;23;64486;3.56666563285054;1109.15314952083;11.84;2360.584;0.501570797734798
210540;Itapecuru Mirim;MA;5;56810;0.880126738250308;11;68203;1.61283228010498;83.2500036655279;15.29;1480.641;1.03266085431918
330220;Itaperuna;RJ;8;99454;0.804391980211957;23;103224;2.22816399286988;176.999777183601;19.92;1106.694;1.7999555432667
291640;Itapetinga;BA;44;66665;6.6001650041251;167;76147;21.9312645278212;232.283579488;11.3;1651.158;0.684368182814728
352230;Itapetininga;SP;3;148808;0.20160206440514;20;163901;1.2202488087321;505.275949099355;38.99;1789.35;2.17900354877469
313360;Itapeva;SP;2;89768;0.222796542197665;7;94354;0.741886936430888;232.98853254764;20.47;1826.258;1.12087120220692
352250;Itapevi;SP;1;205881;0.0485717477571995;13;237700;0.546907867059318;1025.9793857804;28.6;82.658;34.6004016550122
230640;Itapipoca;CE;2;114441;0.174762541396877;18;129358;1.39148719058736;696.215927890042;25.4;1600.358;1.58714487633392
352260;Itapira;SP;107;72657;14.7267297025751;185;74773;24.7415510946465;68.0043811106288;23.16;518.416;4.46745470818802
352310;Itaquaquecetuba;SP;1;359253;0.0278355365160486;1;392482;0.0254788754643525;-8.46637552804969;43.84;82.622;53.0609280821089
352340;Itatiba;SP;17;99047;1.71635688107666;29;120858;2.39951016895861;39.8025198263786;52.23;322.269;16.206957541681
313380;Itaúna;MG;3;85838;0.34949556140637;50;93214;5.36400111571223;1434.78375923502;26.09;495.769;5.26253154190762
352390;Itu;SP;74;157384;4.70187566715803;183;173939;10.5209297512346;123.760271347069;61.6;640.719;9.61419904825672
313420;Ituiutaba;MG;408;96759;42.166620159365;485;104671;46.3356612624318;9.88706490420687;27.34;2598.046;1.05232932750228
521150;Itumbiara;GO;17;92832;1.83126508100655;118;104742;11.26577686124;515.190939754489;38.93;2447.01;1.59092116501363
260790;Jaboatão dos Guararapes;PE;299;687688;4.34790195553798;1172;702298;16.6880725845724;283.81897189095;74.52;258.724;28.802894203862
352430;Jaboticabal;SP;131;73084;17.9245799354168;164;77263;21.2262014159429;18.4195194108988;24.58;706.602;3.47862021335915
352440;Jacareí;SP;2;212824;0.0939743637935571;10;233662;0.427968604223194;355.409951125985;50.33;464.272;10.8406279077782
291750;Jacobina;BA;20;79013;2.53122903825953;122;80518;15.1518915025212;498.598201644353;20.39;2192.905;0.929816841130829
313510;Janaúba;MG;45;68527;6.5667547098224;83;71648;11.584412684234;76.4100106694457;15.49;2181.319;0.710120803055399
352500;Jandira;SP;3;112130;0.267546597699099;4;124937;0.320161361326108;19.6656448183218;14.42;17.449;82.6408390165626
313520;Januária;MG;281;67516;41.6197642040405;571;67742;84.2903959139087;102.524924217917;17.68;6661.58;0.265402502109109
521190;Jataí;GO;14;86447;1.61948939812833;21;100882;2.08163993576654;28.5368053765786;34.12;7178.792;0.475288878685996
352530;Jaú;SP;8;135546;0.590205539078984;317;150252;21.0978888800149;3474.66805766313;34.99;687.103;5.09239517219398
291800;Jequié;BA;169;150541;11.2261775861725;530;155966;33.9817652565303;202.701119732741;31.27;2969.039;1.05320273664307
110012;Ji-Paraná;RO;1;111010;0.0900819745968832;29;128969;2.24860237731548;2396.17349905791;43.37;6896.649;0.628856129984287
313620;João Monlevade;MG;8;75320;1.06213489113117;61;79910;7.63358778625954;618.702290076336;21.27;99.158;21.4506141713225
250750;João Pessoa;PB;566;702235;8.05997992125143;2766;809015;34.1897245415722;324.191187516801;110.82;210.044;52.7603740168726
420910;Joinville;SC;1;497331;0.0201073329432511;2;590466;0.0338715522993703;68.4537297659814;137.6;1127.947;12.1991547475192
291840;Juazeiro;BA;25;243896;1.0250270607144;150;216707;6.92178840554297;575.278601983323;39.78;6721.237;0.591855338533666
230730;Juazeiro do Norte;CE;10;249829;0.400273787270493;412;274207;15.0251452369925;3653.7170094126;51.44;258.788;19.8772740621667
313670;Juiz de Fora;MG;49;526706;0.930310267967329;152;568873;2.67194962671809;187.210591855138;96.7;1435.749;6.73516053293438
352590;Jundiaí;SP;50;349929;1.4288612832889;64;418962;1.52758484062994;6.90924713935871;107.22;431.204;24.8652609901578
280350;Lagarto;SE;32;92474;3.46043212146117;63;104408;6.03402038157996;74.3718752394453;27.23;968.921;2.81034263887355
420930;Lages;SC;17;167805;1.01308065909836;31;157544;1.9677042603971;94.2297725976086;49.26;2637.66;1.86756443211028
313760;Lagoa Santa;MG;81;48213;16.800448011947;246;64527;38.1235761774141;126.919997313786;36.97;229.409;16.115322415424
313820;Lavras;MG;22;92542;2.37729895614964;67;103773;6.45640002698197;171.585532407712;24.15;564.744;4.27627385151502
352670;Leme;SP;1;88995;0.112365863250744;37;103391;3.5786480448008;3084.81782747048;25.24;402.871;6.26503272759767
352680;Lençóis Paulista;SP;18;63314;2.84297311810974;34;68432;4.96843581949965;74.7619697087783;20.48;809.541;2.52982863128612
352690;Limeira;SP;287;281583;10.1923766704666;676;306114;22.0832761650888;116.664639456244;79.26;580.711;13.6487857126867
320320;Linhares;ES;15;132664;1.13067599348731;109;173555;6.28042983492265;455.457962413452;36.72;3496.26;1.05026514046438
352710;Lins;SP;4;73183;0.546575024254267;161;78013;20.6375860433517;3675.80114852653;22.82;570.058;4.00310143880096
411370;Londrina;PR;17;510707;0.332871881528939;130;569733;2.28177058376468;585.480123248651;129.44;1652.569;7.83265328104303
352720;Lorena;SP;22;82770;2.6579678627522;87;88706;9.80767930016008;268.991643488295;19.83;414.16;4.78800463588951
291955;Luís Eduardo Magalhães;BA;35;52054;6.72378683674646;111;87519;12.6829602714839;88.6282325633781;35.7;4036.09;0.884519423501458
521250;Luziânia;GO;13;210064;0.618859014395613;69;208299;3.31254590756557;435.26664886681;77.5;3962.107;1.9560299608264
240710;Macaíba;RN;34;66380;5.12202470623682;163;80792;20.1752648777107;293.892377230128;32.78;510.092;6.42629172776676
160030;Macapá;AP;43;366484;1.17331179533076;81;503327;1.60929177254548;37.1580665045485;82.29;6563.849;1.25368514723602
270430;Maceió;AL;1989;936314;21.2428736513606;4579;1018948;44.9385052034059;111.54626224747;115.08;509.32;22.5948323254535
352850;Mairiporã;SP;24;79155;3.03202577221906;16;100179;1.59714111739985;-47.3242895217561;48.28;320.697;15.0547089620421
130250;Manacapuru;AM;10;86472;1.15644370432047;6;97377;0.616161927354509;-46.7192458178009;15.5;7336.579;0.211270130124681
130260;Manaus;AM;91;1738641;0.523397297084332;12;2182763;0.0549761930177486;-89.4962787687284;277.09;11401.092;2.43038123014883
313940;Manhuaçu;MG;75;78605;9.5413777749507;199;90229;22.0549934056678;131.151034220336;13.28;628.318;2.11357942952454
150420;Marabá;PA;10;203049;0.492491960068752;20;279349;0.715950298730262;45.372992206881;62.49;15128.058;0.413073508840328
230765;Maracanaú;CE;7;201693;0.3470621191613;68;227886;2.98394811440808;759.773495770442;46.49;105.071;44.2462715687488
314000;Mariana;MG;14;54689;2.55992978478305;40;60724;6.58718134510243;157.318828987362;11.77;1194.208;0.985590449904874
352900;Marília;SP;35;225938;1.54909754003311;187;238882;7.82813271824583;405.335042884293;69.09;1170.515;5.90253008291222
411520;Maringá;PR;44;335511;1.31143241205206;206;423666;4.86232079043397;270.764116072567;112.7;487.012;23.1411135659902
150442;Marituba;PA;12;101158;1.18626307360762;6;131521;0.456200910881152;-61.5430235475703;21.94;103.214;21.2568062472145
352930;Matão;SP;1;78222;0.127841272276342;140;83170;16.8329926656246;13067.1035229049;23.37;524.889;4.45236992964227
352940;Mauá;SP;2;417458;0.0479090112059177;3;472912;0.0634367493317996;32.4108925127719;42.53;61.937;68.6665482667872
130290;Maués;AM;2;49666;0.402689968992872;3;63905;0.46944683514592;16.5777325717863;10.08;39991.066;0.0252056296773884
521310;Mineiros;GO;3;48329;0.620745308200046;3;66801;0.449095073427044;-27.6522806544812;24.36;9042.884;0.269383086192414
353050;Mococa;SP;37;68718;5.38432434005646;211;68885;30.6307614139508;468.88774671456;22.94;855.156;2.68255148768178
353060;Mogi das Cruzes;SP;8;375268;0.213180979992965;15;445842;0.33644205794878;57.8199227529035;75;712.541;10.525710099489
353070;Mogi Guaçu;SP;8;139836;0.572098744243256;33;151888;2.17265353418308;279.768974507532;39.97;812.753;4.91785327153514
353080;Mogi Mirim;SP;29;88373;3.28154526835119;119;93189;12.7697475023876;289.138240009828;32.4;497.708;6.50984111165583
150470;Moju;PA;2;68600;0.291545189504373;10;82094;1.21811581845202;317.813725729042;20.5;9094.139;0.225419910559977
314330;Montes Claros;MG;583;363227;16.0505689279707;2521;409341;61.5867943841443;283.704743803938;73.51;3589.811;2.0477401177945
230870;Morada Nova;CE;1;63126;0.158413332066027;2;61890;0.323153982872839;103.994183228308;11.69;2763.971;0.422942208872669
260940;Moreno;PE;1;55659;0.179665462908065;91;62784;14.4941386340469;7967.29262232416;8.6;194.197;4.42849271615936
240800;Mossoró;RN;7;244287;0.286548199453921;134;297378;4.50604953964315;1472.52760555829;73.55;2099.304;3.50354212634283
314390;Muriaé;MG;20;99628;2.00746778014213;28;108763;2.57440489872475;28.2414056250747;17.61;841.693;2.09221176842388
240810;Natal;RN;1996;806203;24.7580324062302;3920;884122;44.3377723888785;79.0843943548647;99.32;167.401;59.3305894230022
280480;Nossa Senhora do Socorro;SE;2;155334;0.128754812211106;346;183628;18.8424423290566;14534.3596837084;32.92;155.018;21.2362435330091
330340;Nova Friburgo;RJ;5;178653;0.27987215439987;24;190631;1.25897676663292;349.839952578542;43.43;935.429;4.64278956500173
353340;Nova Odessa;SP;15;48754;3.07667063215326;68;60174;11.3005617043906;267.298390223906;19.64;73.788;26.6167940586545
314520;Nova Serrana;MG;3;67967;0.441390674886342;70;102693;6.81643344726515;1444.30844036757;18.8;282.47;6.65557404326123
150506;Novo Repartimento;PA;7;55762;1.25533517449159;19;75919;2.50266731648204;99.3624784309593;15.42;15398.72;0.100138193304379
260960;Olinda;PE;208;397268;5.23576024245597;270;392482;6.87929637537518;31.3905919448339;39.79;41.3;96.3438256658596
150530;Oriximiná;PA;1;58683;0.170407102568035;9;73096;1.23125752435154;622.538853015213;19.73;107613.838;0.018334073355882
260990;Ouricuri;PE;12;66978;1.79163307354654;66;69459;9.50200837904375;430.354597676327;8.68;2381.57;0.364465457660283
353470;Ourinhos;SP;26;104542;2.48703870214842;343;113542;30.2090856247028;1114.66085745295;34.36;295.818;11.6152499171788
314610;Ouro Preto;MG;9;69495;1.29505719835959;8;74281;1.07699142445578;-16.8383121749393;22.69;1245.865;1.82122461101323
261000;Palmares;PE;21;58819;3.57027491116816;354;63250;55.9683794466403;1467.62100508187;8.22;339.4;2.42192103712434
172100;Palmas;TO;126;188645;6.67921227702828;359;299127;12.0015912973419;79.6857293878626;104.46;2227.329;4.68992232400332
270630;Palmeira dos Índios;AL;76;72564;10.4735130367675;326;73218;44.5245704608156;325.115911962977;21.39;450.99;4.74289895563095
314700;Paracatu;MG;43;83560;5.14600287218765;258;93158;27.6948839605831;438.182442731703;18.95;8231.029;0.230226378743168
150550;Paragominas;PA;2;97350;0.205444273240883;8;113145;0.707057315833665;244.160148482036;29.07;19342.565;0.150290305344715
411840;Paranavaí;PR;20;82716;2.41791189129068;138;88374;15.6154525086564;545.823884853011;34.05;1202.266;2.83215195306197
150553;Parauapebas;PA;6;152777;0.392729272076294;6;208273;0.288083428961027;-26.6457966227019;60.3;6885.794;0.87571600312179
130340;Parintins;AM;24;107250;2.23776223776224;32;114273;2.80031153465823;25.1389217050397;17.79;5956.047;0.29868803923139
220770;Parnaíba;PI;1;146059;0.0684654831266817;33;153078;2.15576372829538;3048.68694391095;46.43;436.907;10.6269755348392
240325;Parnamirim;RN;60;184222;3.2569399963088;78;261469;2.98314522945359;-8.40650325660021;49.47;124.006;39.8932309726949
431410;Passo Fundo;RS;10;187507;0.533313422965543;7;203275;0.344361087197147;-35.4298856229246;59.51;784.407;7.58662276088816
314790;Passos;MG;19;107619;1.76548750685288;258;114679;22.4975802021294;1174.29846514367;24.51;1338.07;1.83174273393769
411850;Pato Branco;PR;6;70160;0.855188141391106;7;82881;0.844584404145703;-1.23993034189581;31.59;539.08;5.85998367589226
314800;Patos de Minas;MG;103;139841;7.36550796976566;297;152488;19.4769424479303;164.434476588449;36.71;3190.456;1.15061922182911
314810;Patrocínio;MG;38;86467;4.39474018989904;114;90757;12.561014577388;185.819275648159;22.35;2874.344;0.777568725246526
251090;Paulista;PE;373;319373;11.6791338027948;563;331774;16.9693827726103;45.296586708763;48.18;96.932;49.7049477984567
292400;Paulo Afonso;BA;2;106703;0.187436154559853;5;117782;0.424513083493233;126.484097739892;29.02;1544.388;1.87906147936917
314930;Pedro Leopoldo;MG;6;59064;1.01584721657863;24;64258;3.73494350897943;267.667839023935;18.78;292.83;6.41327732814261
353730;Penápolis;SP;1;59597;0.167793680889978;237;63407;37.3775766082609;22175.9143312253;17.08;1678.564;1.01753641803351
270670;Penedo;AL;130;61082;21.2828656560034;267;63683;41.9264167831289;96.9961069190063;16.3;688.45;2.36763744643765
261090;Pesqueira;PE;28;64454;4.34418344866106;109;67395;16.1733066251206;272.2979661484;12.63;960.042;1.31556744392433
261110;Petrolina;PE;80;281851;2.83837914359005;366;314924;11.6218516213436;309.453812665913;71.43;625.003;11.4287451420233
330390;Petrópolis;RJ;8;315119;0.253872346637302;47;306191;1.53498959799602;504.630483913636;81.78;791.144;10.3369298130302
220800;Picos;PI;99;73021;13.5577436627819;303;78222;38.7359054997315;185.710561161202;24.75;577.28;4.28734756097561
353800;Pindamonhangaba;SP;29;144613;2.0053522159142;162;168328;9.62406729718169;379.919049671495;40.74;731.355;5.57048218717312
210860;Pinheiro;MA;6;77182;0.777383327718898;17;83387;2.03868708551693;162.249911057279;17.46;1512.969;1.15402232299538
353870;Piracicaba;SP;371;368843;10.058480166358;1293;404142;31.9937051828318;218.076932634804;110.83;1378.069;8.04241297061323
353930;Pirassununga;SP;4;71470;0.559675388274801;101;76409;13.2183381538824;2261.78656964494;29.86;727.118;4.10662368418881
220840;Piripiri;PI;34;62107;5.47442317291127;41;63742;6.43217972451445;17.4951135736526;20.1;1407.192;1.42837651152082
521760;Planaltina;GO;14;79651;1.75766782589045;18;89918;2.00182388398318;13.8909101308176;24.55;2558.924;0.959387617608026
315180;Poços de Caldas;MG;14;151449;0.924403594609406;49;167397;2.92717312735593;216.65531640352;40.6;546.958;7.42287341989696
411990;Ponta Grossa;PR;91;314681;2.89181742780784;271;351736;7.7046421179521;166.429064430691;97.1;2054.732;4.72567711993584
500660;Ponta Porã;MS;7;75941;0.92176821479833;76;92526;8.21390744223245;791.103350100821;32.47;5359.354;0.605856601373971
150580;Portel;PA;2;48945;0.408621922566146;2;62043;0.322357074931902;-21.1111648372903;5.36;25384.96;0.0211148648648649
292530;Porto Seguro;BA;15;122896;1.22054419997396;14;148686;0.941581588044604;-22.8555927704469;43.76;2285.734;1.91448348757992
110020;Porto Velho;RO;6;382829;0.156727938583545;25;529544;0.472104301059024;201.225362450209;143.09;34090.952;0.419730138366333
315250;Pouso Alegre;MG;4;127974;0.312563489458796;21;150737;1.39315496527064;345.719033813861;39.64;542.797;7.302914349195
354100;Praia Grande;SP;3;249551;0.120215907770356;3;325073;0.0922869632359501;-23.2323201250181;38.19;149.652;25.5192045545666
354140;Presidente Prudente;SP;8;207725;0.38512456372608;537;228743;23.4761282312464;5995.72342104458;60.83;560.637;10.8501579453372
231130;Quixadá;CE;2;80447;0.248610886670727;23;87728;2.6217399233996;954.555558088638;11.27;2020.586;0.557758986749389
231140;Quixeramobim;CE;4;73517;0.544091842703048;5;81082;0.616659677856984;13.3374238425298;11.87;3324.987;0.356993876968542
261160;Recife;PE;2204;1561659;14.1131962867694;2725;1645727;16.5580317999279;17.3230462007426;142.99;218.843;65.3390787002554
354330;Ribeirão Pires;SP;1;112011;0.0892769460142307;1;123393;0.0810418743364697;-9.22418613697696;24.62;98.972;24.8757224265449
354340;Ribeirão Preto;SP;267;563107;4.74155000736982;1580;703293;22.4657432961795;373.805891770853;149.42;650.916;22.9553429321141
120040;Rio Branco;AC;42;305954;1.37275538152794;105;407319;2.57783211684208;87.7852493991196;1.93;539.287;0.357879941478285
330455;Rio de Janeiro;RJ;7;6186710;0.0113145759216126;12;6718903;0.0178600584053677;57.850002767246;640.34;1200.329;53.3470406863452
421480;Rio do Sul;SC;1;59962;0.16677228911644;7;71061;0.985069165927865;490.667173273666;33.15;260.817;12.7100610773071
270770;Rio Largo;AL;36;67797;5.30996946767556;233;75120;31.0170394036209;484.12839456869;16.27;293.81;5.53759232156836
521880;Rio Verde;GO;18;163021;1.10415222578686;334;235647;14.1737429290422;1183.67652557521;50.95;8374.255;0.608412330410287
510760;Rondonópolis;MT;6;181902;0.329847940099614;22;232491;0.946273189069684;186.881642730256;87.01;4824.02;1.80368240596017
231180;Russas;CE;24;67960;3.53148911124191;69;78194;8.82420646085377;149.872112949843;21.73;1611.091;1.34877545712812
261220;Salgueiro;PE;15;55435;2.70587174167944;93;60930;15.2634170359429;464.085015591663;17.08;1678.564;1.01753641803351
354520;Salto;SP;9;109948;0.818568777967767;19;118663;1.60117306995441;95.606418550386;34.93;133.057;26.251907077418
292740;Salvador;BA;87;2998056;0.29018804185112;56;2872347;0.194962516715425;-32.8151099984162;196.26;693.453;28.301845979468
354580;Santa Bárbara d'Oeste;SP;10;189573;0.527501279190602;266;193475;13.7485463238144;2506.35317224448;39.61;271.03;14.6146183079364
261250;Santa Cruz do Capibaribe;PE;23;80330;2.86318934395618;222;107937;20.5675532949776;618.344154863284;12.43;335.309;3.70702844242177
211000;Santa Luzia;MG;1;231607;0.0431765879269625;21;219134;0.958317741655791;2119.53097191673;42.5;235.205;18.0693437639506
431720;Santa Rosa;RS;1;66059;0.151379827124237;35;73254;4.77789608758566;3056.23037649821;26.79;489.38;5.4742735706404
354730;Santana de Parnaíba;SP;13;114321;1.1371489052755;27;139447;1.93621949557897;70.2696530416023;35.93;179.949;19.9667683621471
150670;Santana do Araguaia;PA;1;55033;0.181709156324387;5;72817;0.686652842056113;277.885658568741;12;11591.44;0.103524669928844
150680;Santarém;PA;160;276665;5.78316736847812;124;304589;4.07105969027115;-29.6050169244457;95.01;17898.389;0.530829897595812
251385;Santo André;SP;2;673396;0.0297002061194305;4;718773;0.0556503931004643;87.3737605614012;70.43;175.782;40.0666734933042
292870;Santo Antônio de Jesus;BA;12;88768;1.35183850036049;105;101512;10.3436046969816;665.150918118055;15.75;261.74;6.01742186903034
354890;São Carlos;SP;5;220463;0.226795425989849;44;251983;1.74614954183417;669.922732882774;79.87;1136.907;7.02520082997114
280670;São Cristóvão;SE;1;75104;0.133148700468683;5;90072;0.55511146638245;316.910915711875;23.24;438.037;5.30548789257529
150730;São Félix do Xingu;PA;11;67208;1.63670991548625;14;128481;1.08965527976899;-33.4240435975323;18.69;84212.903;0.0221937486230584
292925;São Gabriel;RS;2;59337;0.33705782226941;5;62105;0.805088157153208;138.857579905;18.31;5053.46;0.362326010297895
354910;São João da Boa Vista;SP;9;83909;1.07259054451847;69;91211;7.56487704333907;605.290297588376;24.91;516.399;4.82378935667962
316250;São João del Rei;MG;6;85503;0.701729763867934;24;90082;2.66423924868453;279.667414133789;24.02;1452.002;1.65426769384615
354980;São José do Rio Preto;SP;124;419632;2.95497006901285;656;460671;14.2400975967665;381.903276994057;124.79;431.944;28.8903191154409
354990;São José dos Campos;SP;57;615871;0.925518493320842;140;721944;1.939208581275;109.526724238319;128.94;1099.409;11.7281193805035
261370;São Lourenço da Mata;PE;2;99945;0.200110060533293;255;113230;22.5205334275369;11154.0735670759;19.41;263.687;7.36099997345337
211130;São Luís;MA;3;997098;0.0300873133834387;35;1101884;0.317637791273855;955.72002134526;165.96;583.063;28.4634765025392
320490;São Mateus;ES;5;101613;0.492063023432041;109;130611;8.3453920420179;1596.00064313113;32.22;2346.04;1.37337811802015
270860;São Miguel dos Campos;AL;35;54064;6.47380881917727;184;61251;30.0403258722307;364.028622273222;7.54;335.683;2.2461667704352
355030;São Paulo;SP;87;11037593;0.0788215329193602;328;12252023;0.267710891499306;239.641823222586;914.56;1521.11;60.1245143349265
270880;São Sebastião;SP;1;73631;0.135812361641157;1;88980;0.112384805574286;-17.2499438075972;30.98;402.39;7.69899848405776
316470;São Sebastião do Paraíso;MG;27;64800;4.16666666666667;39;70956;5.49636394385253;31.9127346524607;19.72;814.925;2.41985458784551
412625;Sarandi;PR;3;84651;0.354396285926923;24;96688;2.48221082243919;600.405427767665;23.65;103.501;22.8500207727462
293010;Senhor do Bonfim;BA;94;76113;12.3500584657023;112;79015;14.1745238245903;14.7729289213871;16.86;789.361;2.13590486482104
241350;Serrinha;BA;2;73859;0.270786227812453;96;80861;11.8722251765375;4284.35339656942;21.36;583.31;3.66186076014469
251593;Sertãozinho;SP;1;110999;0.0900909017198353;84;125815;6.67646941938561;7310.81429082383;33.39;403.08;8.28371539148556
316720;Sete Lagoas;MG;11;225358;0.488112248067519;123;239639;5.13272046703583;951.545108191146;66.15;536.928;12.3200876095119
293070;Simões Filho;BA;8;116662;0.685741715382901;57;134377;4.24179733138856;518.570700343065;31.89;201.528;15.8241038466119
510790;Sinop;MT;24;114051;2.1043217507957;35;142996;2.44762091247308;16.3140052868611;69.67;3990.87;1.74573463931423
231290;Sobral;CE;69;182431;3.78225191990396;46;208935;2.20164165888913;-41.7901899314779;31.17;2068.474;1.50690799110842
355220;Sorocaba;SP;20;584313;0.342282304176015;165;679378;2.42869212721048;609.558191463368;134.96;449.872;29.9996443432799
510792;Sorriso;MT;10;60028;1.66588925168255;14;90313;1.55016442815542;-6.94672970668673;33.64;9293.62;0.36196874845324
355240;Sumaré;SP;5;241077;0.207402614102548;189;282441;6.69166303759015;3126.41210022624;55.7;153.465;36.2949206659499
261450;Surubim;PE;1;56795;0.176071837309622;119;65089;18.2826591282705;10283.6362519012;14.85;252.896;5.87197899531823
150795;Tailândia;PA;5;72720;0.687568756875688;21;106339;1.97481638909525;187.217295630013;14.73;4430.47;0.332470369960749
510795;Tangará da Serra;MT;8;81960;0.976085895558809;22;103750;2.12048192771084;117.243373493976;30.97;11636.825;0.266137885548678
355400;Tatuí;SP;12;109017;1.10074575524918;32;121766;2.62799139332819;138.746448105382;36.76;523.749;7.01862915251389
355410;Taubaté;SP;80;273426;2.92583733807319;366;278686;13.1330601465449;348.865012953647;71.43;625.003;11.4287451420233
293135;Teixeira de Freitas;BA;51;125430;4.06601291557044;60;160487;3.73862057362902;-8.05192577445342;31.77;1165.622;2.7255834224131
316860;Teófilo Otoni;MG;224;130517;17.1625152279013;557;140592;39.6181859565267;130.841373950357;24.01;3242.27;0.740530554210476
221100;Teresina;PI;6;802537;0.0747629081276003;217;864845;2.50912013135302;3256.10290475943;172.26;1391.293;12.3812884848842
330580;Teresópolis;RJ;2;162075;0.123399660650933;47;182594;2.57401667086542;1985.91875965256;54.01;773.338;6.98400957925254
231340;Tianguá;CE;1;68588;0.145798098792792;24;75946;3.16014009954441;2067.47689147552;18.88;909.853;2.0750604768023
316870;Timóteo;MG;30;79813;3.75878616265521;38;89842;4.22964760357071;12.5269547279298;18.13;144.381;12.5570539059849
150800;Tomé-Açu;PA;4;48607;0.822926738947065;9;63447;1.41850678519079;72.3733982694217;11.69;5145.36;0.227194987328389
316930;Três Corações;MG;1;75776;0.131967905405405;16;79482;2.01303439772527;1425.3969452203;21.56;828.038;2.60374523874508
500830;Três Lagoas;MS;8;89493;0.893924664498899;102;121388;8.40280752627937;839.990567436649;48.96;10217.071;0.479198001070953
330600;Três Rios;RJ;12;76075;1.57739073282944;87;81804;10.6351767639724;574.225893599335;16.82;322.843;5.20996273730575
261560;Trindade;GO;38;104979;3.61977157336229;140;127599;10.9718728203199;203.109536001148;37.54;712.69;5.26736729854495
150810;Tucuruí;PA;4;96010;0.416623268409541;4;113659;0.351929895564803;-15.5280268170581;20.57;2084.289;0.986907285889817
355500;Tupã;SP;10;64098;1.56011107990889;250;65524;38.1539588547708;2345.5924546731;19.44;627.986;3.09561041169708
316990;Ubá;MG;11;99708;1.103221406507;37;115552;3.20202160066464;190.242881599154;20.76;407.452;5.09507868411494
317010;Uberaba;MG;270;296261;9.11358565589126;887;333783;26.5741514696674;191.588321798339;98.72;4523.957;2.18216044051701
317020;Uberlândia;MG;129;634345;2.03359370689451;266;691305;3.84779511214298;89.211596155995;172.85;4115.206;4.20027575776279
412810;Umuarama;PR;1;99606;0.100395558500492;16;111557;1.43424437731384;1328.59345446722;39.42;1234.537;3.19309992329108
317040;Unaí;MG;49;78125;6.272;267;84378;31.6433193486454;404.517209002637;20.18;8445.432;0.238945740135022
293290;Valença;RJ;1;75819;0.131893061106055;31;76523;4.05106961305751;2971.48046992408;14.5;1300.767;1.11472692649798
355620;Valinhos;SP;18;107481;1.67471460072013;25;129193;1.93508936242676;15.547410979439;48.3;148.538;32.5169316942466
522185;Valparaíso de Goiás;GO;2;123444;0.16201678493892;12;168468;0.712301445971935;339.646698482798;29.54;61.488;48.0418943533698
317070;Varginha;MG;16;121785;1.31379069671963;70;135558;5.1638413077797;293.049008542469;34.95;395.396;8.83923964835254
355650;Várzea Paulista;SP;2;107211;0.186548022124595;7;121838;0.574533396805594;207.981500024623;19.49;35.12;55.495444191344
317120;Vespasiano;MG;1;101846;0.098187459497673;18;127601;1.41064725198078;1336.68780025235;21.18;71.04;29.8141891891892
241490;Viçosa;MG;14;74171;1.88753016677677;91;78846;11.5414859346067;511.459680896938;18.23;299.41;6.08864099395478
231410;Viçosa do Ceará;CE;2;56673;0.352901734512025;5;60889;0.821166384732875;132.689812609831;16.03;1310.91;1.22281468598149
110030;Vilhena;RO;7;69866;1.00191795723242;20;99854;2.00292426943337;99.90901001176;39.93;11699.15;0.341306847078634
355670;Vinhedo;SP;3;63729;0.470743303676505;17;78728;2.15933340107713;358.707194390814;32.56;80.95;40.2223594811612
320530;Vitória;ES;75;320156;2.34260797861043;16;362097;0.441870548499435;-81.1376656899486;46.15;97.12;47.5185337726524
293330;Vitória da Conquista;BA;196;318901;6.14610803979919;461;341597;13.495434678876;119.576919108583;77.51;3254.186;2.38185524736447
261640;Vitória de Santo Antão;PE;316;126399;25.0001977863749;591;138757;42.5924457865189;70.3684352838671;15.5;336.573;4.60524165634201
330630;Volta Redonda;RJ;13;261403;0.497316404172867;38;273012;1.39188021039368;179.878202028877;43.57;182.105;23.9257571181461
355700;Votorantim;SP;6;105193;0.570380158375557;17;122480;1.3879817112998;143.343266927934;25.54;184.186;13.8664176430348
355710;Votuporanga;SP;124;81279;15.2560932098082;614;94547;64.9412461527071;325.674156939184;25.65;420.703;6.09693774467974